Crash ID,Crash Date,Crash Year,Person Injury Severity,Person Non-Suspected Serious Injury Count,Person Not Injured Count,Person Possible Injury Count,Person Suspected Serious Injury Count,Person Total Injury Count,Person Type
12499373,1/3/12,2012,A - SUSPECTED SERIOUS INJURY,0,0,0,1,1,4 - PEDESTRIAN
12499219,1/6/12,2012,C - POSSIBLE INJURY,0,0,1,0,1,4 - PEDESTRIAN
12499276,1/6/12,2012,C - POSSIBLE INJURY,0,0,1,0,1,4 - PEDESTRIAN
12499190,1/9/12,2012,C - POSSIBLE INJURY,0,0,1,0,1,4 - PEDESTRIAN
12515588,1/13/12,2012,C - POSSIBLE INJURY,0,0,1,0,1,4 - PEDESTRIAN
12537425,1/26/12,2012,A - SUSPECTED SERIOUS INJURY,0,0,0,1,1,4 - PEDESTRIAN
12537455,1/26/12,2012,B - SUSPECTED MINOR INJURY,1,0,0,0,1,4 - PEDESTRIAN
12536484,1/27/12,2012,A - SUSPECTED SERIOUS INJURY,0,0,0,1,1,4 - PEDESTRIAN
12557296,1/27/12,2012,C - POSSIBLE INJURY,0,0,1,0,1,4 - PEDESTRIAN
12583457,1/27/12,2012,C - POSSIBLE INJURY,0,0,1,0,1,4 - PEDESTRIAN
12541362,2/5/12,2012,C - POSSIBLE INJURY,0,0,1,0,1,4 - PEDESTRIAN
12556670,2/12/12,2012,C - POSSIBLE INJURY,0,0,1,0,1,4 - PEDESTRIAN
12610437,2/12/12,2012,B - SUSPECTED MINOR INJURY,1,0,0,0,1,4 - PEDESTRIAN
12610437,2/12/12,2012,B - SUSPECTED MINOR INJURY,1,0,0,0,1,4 - PEDESTRIAN
12557676,2/14/12,2012,B - SUSPECTED MINOR INJURY,1,0,0,0,1,4 - PEDESTRIAN
12583278,2/19/12,2012,A - SUSPECTED SERIOUS INJURY,0,0,0,1,1,4 - PEDESTRIAN
12566092,2/21/12,2012,C - POSSIBLE INJURY,0,0,1,0,1,4 - PEDESTRIAN
12566179,2/21/12,2012,B - SUSPECTED MINOR INJURY,1,0,0,0,1,4 - PEDESTRIAN
12583341,2/24/12,2012,B - SUSPECTED MINOR INJURY,1,0,0,0,1,4 - PEDESTRIAN
12583382,2/26/12,2012,C - POSSIBLE INJURY,0,0,1,0,1,4 - PEDESTRIAN
12610763,3/5/12,2012,B - SUSPECTED MINOR INJURY,1,0,0,0,1,4 - PEDESTRIAN
12705551,3/7/12,2012,B - SUSPECTED MINOR INJURY,1,0,0,0,1,4 - PEDESTRIAN
12609743,3/8/12,2012,B - SUSPECTED MINOR INJURY,1,0,0,0,1,4 - PEDESTRIAN
12609110,3/14/12,2012,N - NOT INJURED,0,1,0,0,0,4 - PEDESTRIAN
12645811,3/27/12,2012,99 - UNKNOWN,0,0,0,0,0,4 - PEDESTRIAN
12645797,3/28/12,2012,C - POSSIBLE INJURY,0,0,1,0,1,4 - PEDESTRIAN
12646694,4/4/12,2012,B - SUSPECTED MINOR INJURY,1,0,0,0,1,4 - PEDESTRIAN
12671240,4/5/12,2012,B - SUSPECTED MINOR INJURY,1,0,0,0,1,4 - PEDESTRIAN
12646640,4/6/12,2012,C - POSSIBLE INJURY,0,0,1,0,1,4 - PEDESTRIAN
12701509,4/19/12,2012,B - SUSPECTED MINOR INJURY,1,0,0,0,1,4 - PEDESTRIAN
12671387,4/22/12,2012,B - SUSPECTED MINOR INJURY,1,0,0,0,1,4 - PEDESTRIAN
12671248,4/23/12,2012,C - POSSIBLE INJURY,0,0,1,0,1,4 - PEDESTRIAN
12701785,4/26/12,2012,C - POSSIBLE INJURY,0,0,1,0,1,4 - PEDESTRIAN
12701800,4/27/12,2012,B - SUSPECTED MINOR INJURY,1,0,0,0,1,4 - PEDESTRIAN
12754539,5/1/12,2012,K - FATAL INJURY,0,0,0,0,0,4 - PEDESTRIAN
12705607,5/3/12,2012,A - SUSPECTED SERIOUS INJURY,0,0,0,1,1,4 - PEDESTRIAN
12717221,5/4/12,2012,B - SUSPECTED MINOR INJURY,1,0,0,0,1,4 - PEDESTRIAN
12753702,5/22/12,2012,B - SUSPECTED MINOR INJURY,1,0,0,0,1,4 - PEDESTRIAN
12738837,5/31/12,2012,C - POSSIBLE INJURY,0,0,1,0,1,4 - PEDESTRIAN
12738881,6/3/12,2012,B - SUSPECTED MINOR INJURY,1,0,0,0,1,4 - PEDESTRIAN
12777355,6/17/12,2012,B - SUSPECTED MINOR INJURY,1,0,0,0,1,4 - PEDESTRIAN
12785669,6/20/12,2012,N - NOT INJURED,0,1,0,0,0,4 - PEDESTRIAN
12786863,6/23/12,2012,B - SUSPECTED MINOR INJURY,1,0,0,0,1,4 - PEDESTRIAN
12786946,6/26/12,2012,N - NOT INJURED,0,1,0,0,0,4 - PEDESTRIAN
12786928,6/27/12,2012,B - SUSPECTED MINOR INJURY,1,0,0,0,1,4 - PEDESTRIAN
12811325,7/12/12,2012,B - SUSPECTED MINOR INJURY,1,0,0,0,1,4 - PEDESTRIAN
12827518,7/22/12,2012,99 - UNKNOWN,0,0,0,0,0,4 - PEDESTRIAN
12849018,8/3/12,2012,N - NOT INJURED,0,1,0,0,0,4 - PEDESTRIAN
12847987,8/8/12,2012,N - NOT INJURED,0,1,0,0,0,4 - PEDESTRIAN
12849070,8/8/12,2012,B - SUSPECTED MINOR INJURY,1,0,0,0,1,4 - PEDESTRIAN
12869542,8/18/12,2012,B - SUSPECTED MINOR INJURY,1,0,0,0,1,4 - PEDESTRIAN
12889635,8/25/12,2012,B - SUSPECTED MINOR INJURY,1,0,0,0,1,4 - PEDESTRIAN
12896371,9/1/12,2012,A - SUSPECTED SERIOUS INJURY,0,0,0,1,1,4 - PEDESTRIAN
12896411,9/2/12,2012,A - SUSPECTED SERIOUS INJURY,0,0,0,1,1,4 - PEDESTRIAN
12913772,9/19/12,2012,B - SUSPECTED MINOR INJURY,1,0,0,0,1,4 - PEDESTRIAN
12940803,10/2/12,2012,C - POSSIBLE INJURY,0,0,1,0,1,4 - PEDESTRIAN
12940795,10/3/12,2012,C - POSSIBLE INJURY,0,0,1,0,1,4 - PEDESTRIAN
12940856,10/4/12,2012,B - SUSPECTED MINOR INJURY,1,0,0,0,1,4 - PEDESTRIAN
12940857,10/4/12,2012,B - SUSPECTED MINOR INJURY,1,0,0,0,1,4 - PEDESTRIAN
12940883,10/5/12,2012,B - SUSPECTED MINOR INJURY,1,0,0,0,1,4 - PEDESTRIAN
12971086,10/7/12,2012,C - POSSIBLE INJURY,0,0,1,0,1,4 - PEDESTRIAN
12971086,10/7/12,2012,C - POSSIBLE INJURY,0,0,1,0,1,4 - PEDESTRIAN
12940960,10/11/12,2012,B - SUSPECTED MINOR INJURY,1,0,0,0,1,4 - PEDESTRIAN
12943640,10/12/12,2012,N - NOT INJURED,0,1,0,0,0,4 - PEDESTRIAN
12943671,10/13/12,2012,C - POSSIBLE INJURY,0,0,1,0,1,4 - PEDESTRIAN
12970803,10/13/12,2012,C - POSSIBLE INJURY,0,0,1,0,1,4 - PEDESTRIAN
12970821,10/16/12,2012,B - SUSPECTED MINOR INJURY,1,0,0,0,1,4 - PEDESTRIAN
12970869,10/19/12,2012,B - SUSPECTED MINOR INJURY,1,0,0,0,1,4 - PEDESTRIAN
12974991,10/19/12,2012,C - POSSIBLE INJURY,0,0,1,0,1,4 - PEDESTRIAN
12970880,10/20/12,2012,99 - UNKNOWN,0,0,0,0,0,4 - PEDESTRIAN
12970906,10/21/12,2012,C - POSSIBLE INJURY,0,0,1,0,1,4 - PEDESTRIAN
12970929,10/22/12,2012,N - NOT INJURED,0,1,0,0,0,4 - PEDESTRIAN
13015268,10/25/12,2012,B - SUSPECTED MINOR INJURY,1,0,0,0,1,4 - PEDESTRIAN
12991740,10/31/12,2012,B - SUSPECTED MINOR INJURY,1,0,0,0,1,4 - PEDESTRIAN
13001446,11/10/12,2012,N - NOT INJURED,0,1,0,0,0,4 - PEDESTRIAN
13001501,11/12/12,2012,A - SUSPECTED SERIOUS INJURY,0,0,0,1,1,4 - PEDESTRIAN
13211060,11/22/12,2012,A - SUSPECTED SERIOUS INJURY,0,0,0,1,1,4 - PEDESTRIAN
13032743,11/29/12,2012,B - SUSPECTED MINOR INJURY,1,0,0,0,1,4 - PEDESTRIAN
13032743,11/29/12,2012,B - SUSPECTED MINOR INJURY,1,0,0,0,1,4 - PEDESTRIAN
13043182,12/4/12,2012,B - SUSPECTED MINOR INJURY,1,0,0,0,1,4 - PEDESTRIAN
13043122,12/8/12,2012,B - SUSPECTED MINOR INJURY,1,0,0,0,1,4 - PEDESTRIAN
13058648,12/14/12,2012,C - POSSIBLE INJURY,0,0,1,0,1,4 - PEDESTRIAN
13058658,12/14/12,2012,C - POSSIBLE INJURY,0,0,1,0,1,4 - PEDESTRIAN
13089579,1/2/13,2013,B - SUSPECTED MINOR INJURY,1,0,0,0,1,4 - PEDESTRIAN
13094367,1/10/13,2013,B - SUSPECTED MINOR INJURY,1,0,0,0,1,4 - PEDESTRIAN
13109974,1/19/13,2013,B - SUSPECTED MINOR INJURY,1,0,0,0,1,4 - PEDESTRIAN
13147223,1/19/13,2013,K - FATAL INJURY,0,0,0,0,0,4 - PEDESTRIAN
13433781,1/19/13,2013,A - SUSPECTED SERIOUS INJURY,0,0,0,1,1,4 - PEDESTRIAN
13111859,1/22/13,2013,B - SUSPECTED MINOR INJURY,1,0,0,0,1,4 - PEDESTRIAN
13109796,1/23/13,2013,B - SUSPECTED MINOR INJURY,1,0,0,0,1,4 - PEDESTRIAN
13109796,1/23/13,2013,B - SUSPECTED MINOR INJURY,1,0,0,0,1,4 - PEDESTRIAN
13112222,1/23/13,2013,A - SUSPECTED SERIOUS INJURY,0,0,0,1,1,4 - PEDESTRIAN
13123734,1/24/13,2013,B - SUSPECTED MINOR INJURY,1,0,0,0,1,4 - PEDESTRIAN
13111316,1/25/13,2013,99 - UNKNOWN,0,0,0,0,0,4 - PEDESTRIAN
13123756,1/31/13,2013,A - SUSPECTED SERIOUS INJURY,0,0,0,1,1,4 - PEDESTRIAN
13123705,2/3/13,2013,C - POSSIBLE INJURY,0,0,1,0,1,4 - PEDESTRIAN
13123752,2/5/13,2013,C - POSSIBLE INJURY,0,0,1,0,1,4 - PEDESTRIAN
13123752,2/5/13,2013,C - POSSIBLE INJURY,0,0,1,0,1,4 - PEDESTRIAN
13412886,2/7/13,2013,A - SUSPECTED SERIOUS INJURY,0,0,0,1,1,4 - PEDESTRIAN
13145119,2/8/13,2013,B - SUSPECTED MINOR INJURY,1,0,0,0,1,4 - PEDESTRIAN
13145123,2/8/13,2013,B - SUSPECTED MINOR INJURY,1,0,0,0,1,4 - PEDESTRIAN
13159014,2/10/13,2013,C - POSSIBLE INJURY,0,0,1,0,1,4 - PEDESTRIAN
13145178,2/12/13,2013,B - SUSPECTED MINOR INJURY,1,0,0,0,1,4 - PEDESTRIAN
13145211,2/14/13,2013,C - POSSIBLE INJURY,0,0,1,0,1,4 - PEDESTRIAN
13159020,2/14/13,2013,B - SUSPECTED MINOR INJURY,1,0,0,0,1,4 - PEDESTRIAN
13159134,2/18/13,2013,B - SUSPECTED MINOR INJURY,1,0,0,0,1,4 - PEDESTRIAN
13158814,2/21/13,2013,C - POSSIBLE INJURY,0,0,1,0,1,4 - PEDESTRIAN
13161504,2/24/13,2013,N - NOT INJURED,0,1,0,0,0,4 - PEDESTRIAN
13161559,2/27/13,2013,C - POSSIBLE INJURY,0,0,1,0,1,4 - PEDESTRIAN
13220797,3/5/13,2013,A - SUSPECTED SERIOUS INJURY,0,0,0,1,1,4 - PEDESTRIAN
13185287,3/7/13,2013,A - SUSPECTED SERIOUS INJURY,0,0,0,1,1,4 - PEDESTRIAN
13185275,3/8/13,2013,A - SUSPECTED SERIOUS INJURY,0,0,0,1,1,4 - PEDESTRIAN
13196626,3/14/13,2013,C - POSSIBLE INJURY,0,0,1,0,1,4 - PEDESTRIAN
13197521,3/15/13,2013,C - POSSIBLE INJURY,0,0,1,0,1,4 - PEDESTRIAN
13412299,3/15/13,2013,A - SUSPECTED SERIOUS INJURY,0,0,0,1,1,4 - PEDESTRIAN
13245902,3/18/13,2013,C - POSSIBLE INJURY,0,0,1,0,1,4 - PEDESTRIAN
13208712,3/19/13,2013,C - POSSIBLE INJURY,0,0,1,0,1,4 - PEDESTRIAN
13208932,3/27/13,2013,A - SUSPECTED SERIOUS INJURY,0,0,0,1,1,4 - PEDESTRIAN
13220818,4/3/13,2013,B - SUSPECTED MINOR INJURY,1,0,0,0,1,4 - PEDESTRIAN
13245926,4/6/13,2013,A - SUSPECTED SERIOUS INJURY,0,0,0,1,1,4 - PEDESTRIAN
13230772,4/8/13,2013,C - POSSIBLE INJURY,0,0,1,0,1,4 - PEDESTRIAN
13230793,4/9/13,2013,A - SUSPECTED SERIOUS INJURY,0,0,0,1,1,4 - PEDESTRIAN
13230800,4/9/13,2013,B - SUSPECTED MINOR INJURY,1,0,0,0,1,4 - PEDESTRIAN
13252118,4/21/13,2013,C - POSSIBLE INJURY,0,0,1,0,1,4 - PEDESTRIAN
13277244,4/28/13,2013,B - SUSPECTED MINOR INJURY,1,0,0,0,1,4 - PEDESTRIAN
13277276,4/29/13,2013,B - SUSPECTED MINOR INJURY,1,0,0,0,1,4 - PEDESTRIAN
13276311,5/2/13,2013,B - SUSPECTED MINOR INJURY,1,0,0,0,1,4 - PEDESTRIAN
13276342,5/2/13,2013,C - POSSIBLE INJURY,0,0,1,0,1,4 - PEDESTRIAN
13307799,5/3/13,2013,C - POSSIBLE INJURY,0,0,1,0,1,4 - PEDESTRIAN
13307799,5/3/13,2013,C - POSSIBLE INJURY,0,0,1,0,1,4 - PEDESTRIAN
13283343,5/8/13,2013,B - SUSPECTED MINOR INJURY,1,0,0,0,1,4 - PEDESTRIAN
13332291,5/9/13,2013,A - SUSPECTED SERIOUS INJURY,0,0,0,1,1,4 - PEDESTRIAN
13283407,5/11/13,2013,A - SUSPECTED SERIOUS INJURY,0,0,0,1,1,4 - PEDESTRIAN
13283444,5/14/13,2013,B - SUSPECTED MINOR INJURY,1,0,0,0,1,4 - PEDESTRIAN
13290395,5/19/13,2013,C - POSSIBLE INJURY,0,0,1,0,1,4 - PEDESTRIAN
13290404,5/20/13,2013,A - SUSPECTED SERIOUS INJURY,0,0,0,1,1,4 - PEDESTRIAN
13290404,5/20/13,2013,A - SUSPECTED SERIOUS INJURY,0,0,0,1,1,4 - PEDESTRIAN
13290419,5/20/13,2013,B - SUSPECTED MINOR INJURY,1,0,0,0,1,4 - PEDESTRIAN
13307856,5/23/13,2013,C - POSSIBLE INJURY,0,0,1,0,1,4 - PEDESTRIAN
13332094,6/1/13,2013,B - SUSPECTED MINOR INJURY,1,0,0,0,1,4 - PEDESTRIAN
13332220,6/7/13,2013,N - NOT INJURED,0,1,0,0,0,4 - PEDESTRIAN
15269045,6/22/13,2013,K - FATAL INJURY,0,0,0,0,0,4 - PEDESTRIAN
13368346,7/5/13,2013,C - POSSIBLE INJURY,0,0,1,0,1,4 - PEDESTRIAN
13372343,7/11/13,2013,C - POSSIBLE INJURY,0,0,1,0,1,4 - PEDESTRIAN
13372343,7/11/13,2013,B - SUSPECTED MINOR INJURY,1,0,0,0,1,4 - PEDESTRIAN
13372345,7/11/13,2013,C - POSSIBLE INJURY,0,0,1,0,1,4 - PEDESTRIAN
13380737,7/16/13,2013,C - POSSIBLE INJURY,0,0,1,0,1,4 - PEDESTRIAN
13399952,7/31/13,2013,C - POSSIBLE INJURY,0,0,1,0,1,4 - PEDESTRIAN
13413437,8/6/13,2013,B - SUSPECTED MINOR INJURY,1,0,0,0,1,4 - PEDESTRIAN
13413369,8/10/13,2013,B - SUSPECTED MINOR INJURY,1,0,0,0,1,4 - PEDESTRIAN
13413369,8/10/13,2013,B - SUSPECTED MINOR INJURY,1,0,0,0,1,4 - PEDESTRIAN
13433705,8/18/13,2013,B - SUSPECTED MINOR INJURY,1,0,0,0,1,4 - PEDESTRIAN
13433663,8/22/13,2013,B - SUSPECTED MINOR INJURY,1,0,0,0,1,4 - PEDESTRIAN
13443901,8/26/13,2013,B - SUSPECTED MINOR INJURY,1,0,0,0,1,4 - PEDESTRIAN
13443960,8/29/13,2013,B - SUSPECTED MINOR INJURY,1,0,0,0,1,4 - PEDESTRIAN
13443932,8/30/13,2013,B - SUSPECTED MINOR INJURY,1,0,0,0,1,4 - PEDESTRIAN
13464947,9/4/13,2013,C - POSSIBLE INJURY,0,0,1,0,1,4 - PEDESTRIAN
13455242,9/5/13,2013,C - POSSIBLE INJURY,0,0,1,0,1,4 - PEDESTRIAN
13455242,9/5/13,2013,C - POSSIBLE INJURY,0,0,1,0,1,4 - PEDESTRIAN
13455254,9/6/13,2013,B - SUSPECTED MINOR INJURY,1,0,0,0,1,4 - PEDESTRIAN
13464909,9/7/13,2013,B - SUSPECTED MINOR INJURY,1,0,0,0,1,4 - PEDESTRIAN
13473546,9/18/13,2013,C - POSSIBLE INJURY,0,0,1,0,1,4 - PEDESTRIAN
13486531,9/24/13,2013,C - POSSIBLE INJURY,0,0,1,0,1,4 - PEDESTRIAN
13486503,9/26/13,2013,N - NOT INJURED,0,1,0,0,0,4 - PEDESTRIAN
13502046,10/1/13,2013,B - SUSPECTED MINOR INJURY,1,0,0,0,1,4 - PEDESTRIAN
13519144,10/7/13,2013,N - NOT INJURED,0,1,0,0,0,4 - PEDESTRIAN
13519141,10/8/13,2013,B - SUSPECTED MINOR INJURY,1,0,0,0,1,4 - PEDESTRIAN
13518785,10/14/13,2013,C - POSSIBLE INJURY,0,0,1,0,1,4 - PEDESTRIAN
13527422,10/18/13,2013,A - SUSPECTED SERIOUS INJURY,0,0,0,1,1,4 - PEDESTRIAN
13549541,10/19/13,2013,B - SUSPECTED MINOR INJURY,1,0,0,0,1,4 - PEDESTRIAN
13549541,10/19/13,2013,B - SUSPECTED MINOR INJURY,1,0,0,0,1,4 - PEDESTRIAN
13527412,10/21/13,2013,A - SUSPECTED SERIOUS INJURY,0,0,0,1,1,4 - PEDESTRIAN
13549369,10/29/13,2013,C - POSSIBLE INJURY,0,0,1,0,1,4 - PEDESTRIAN
13549392,10/31/13,2013,C - POSSIBLE INJURY,0,0,1,0,1,4 - PEDESTRIAN
13549417,10/31/13,2013,B - SUSPECTED MINOR INJURY,1,0,0,0,1,4 - PEDESTRIAN
13707434,11/1/13,2013,K - FATAL INJURY,0,0,0,0,0,4 - PEDESTRIAN
13590298,11/7/13,2013,A - SUSPECTED SERIOUS INJURY,0,0,0,1,1,4 - PEDESTRIAN
13564830,11/11/13,2013,N - NOT INJURED,0,1,0,0,0,4 - PEDESTRIAN
13564866,11/13/13,2013,C - POSSIBLE INJURY,0,0,1,0,1,4 - PEDESTRIAN
13563829,11/14/13,2013,B - SUSPECTED MINOR INJURY,1,0,0,0,1,4 - PEDESTRIAN
13563831,11/15/13,2013,C - POSSIBLE INJURY,0,0,1,0,1,4 - PEDESTRIAN
13590357,11/18/13,2013,C - POSSIBLE INJURY,0,0,1,0,1,4 - PEDESTRIAN
13590362,11/18/13,2013,B - SUSPECTED MINOR INJURY,1,0,0,0,1,4 - PEDESTRIAN
13590332,11/20/13,2013,C - POSSIBLE INJURY,0,0,1,0,1,4 - PEDESTRIAN
13590571,11/21/13,2013,B - SUSPECTED MINOR INJURY,1,0,0,0,1,4 - PEDESTRIAN
13590421,11/28/13,2013,C - POSSIBLE INJURY,0,0,1,0,1,4 - PEDESTRIAN
13604014,12/5/13,2013,B - SUSPECTED MINOR INJURY,1,0,0,0,1,4 - PEDESTRIAN
13604014,12/5/13,2013,B - SUSPECTED MINOR INJURY,1,0,0,0,1,4 - PEDESTRIAN
13628696,12/12/13,2013,B - SUSPECTED MINOR INJURY,1,0,0,0,1,4 - PEDESTRIAN
13612814,12/13/13,2013,A - SUSPECTED SERIOUS INJURY,0,0,0,1,1,4 - PEDESTRIAN
13612816,12/13/13,2013,C - POSSIBLE INJURY,0,0,1,0,1,4 - PEDESTRIAN
13612827,12/14/13,2013,A - SUSPECTED SERIOUS INJURY,0,0,0,1,1,4 - PEDESTRIAN
13628682,12/14/13,2013,C - POSSIBLE INJURY,0,0,1,0,1,4 - PEDESTRIAN
14016631,12/15/13,2013,K - FATAL INJURY,0,0,0,0,0,4 - PEDESTRIAN
13628611,12/18/13,2013,B - SUSPECTED MINOR INJURY,1,0,0,0,1,4 - PEDESTRIAN
13640720,12/21/13,2013,K - FATAL INJURY,0,0,0,0,0,4 - PEDESTRIAN
14185889,12/30/13,2013,K - FATAL INJURY,0,0,0,0,0,4 - PEDESTRIAN
13651712,1/3/14,2014,N - NOT INJURED,0,1,0,0,0,4 - PEDESTRIAN
13651712,1/3/14,2014,N - NOT INJURED,0,1,0,0,0,4 - PEDESTRIAN
13651819,1/10/14,2014,C - POSSIBLE INJURY,0,0,1,0,1,4 - PEDESTRIAN
13675748,1/20/14,2014,B - SUSPECTED MINOR INJURY,1,0,0,0,1,4 - PEDESTRIAN
13675768,1/20/14,2014,A - SUSPECTED SERIOUS INJURY,0,0,0,1,1,4 - PEDESTRIAN
13675774,1/22/14,2014,B - SUSPECTED MINOR INJURY,1,0,0,0,1,4 - PEDESTRIAN
13680517,1/26/14,2014,B - SUSPECTED MINOR INJURY,1,0,0,0,1,4 - PEDESTRIAN
13680550,1/27/14,2014,C - POSSIBLE INJURY,0,0,1,0,1,4 - PEDESTRIAN
13680659,1/30/14,2014,C - POSSIBLE INJURY,0,0,1,0,1,4 - PEDESTRIAN
13680502,1/31/14,2014,C - POSSIBLE INJURY,0,0,1,0,1,4 - PEDESTRIAN
13700191,2/1/14,2014,B - SUSPECTED MINOR INJURY,1,0,0,0,1,4 - PEDESTRIAN
13700183,2/3/14,2014,C - POSSIBLE INJURY,0,0,1,0,1,4 - PEDESTRIAN
13708293,2/10/14,2014,C - POSSIBLE INJURY,0,0,1,0,1,4 - PEDESTRIAN
13708293,2/10/14,2014,N - NOT INJURED,0,1,0,0,0,4 - PEDESTRIAN
13708341,2/11/14,2014,N - NOT INJURED,0,1,0,0,0,4 - PEDESTRIAN
13708357,2/13/14,2014,C - POSSIBLE INJURY,0,0,1,0,1,4 - PEDESTRIAN
13717707,2/17/14,2014,C - POSSIBLE INJURY,0,0,1,0,1,4 - PEDESTRIAN
13765402,2/23/14,2014,C - POSSIBLE INJURY,0,0,1,0,1,4 - PEDESTRIAN
13765402,2/23/14,2014,C - POSSIBLE INJURY,0,0,1,0,1,4 - PEDESTRIAN
13765402,2/23/14,2014,C - POSSIBLE INJURY,0,0,1,0,1,4 - PEDESTRIAN
13729647,2/24/14,2014,C - POSSIBLE INJURY,0,0,1,0,1,4 - PEDESTRIAN
13741586,3/6/14,2014,C - POSSIBLE INJURY,0,0,1,0,1,4 - PEDESTRIAN
13741586,3/6/14,2014,C - POSSIBLE INJURY,0,0,1,0,1,4 - PEDESTRIAN
13741586,3/6/14,2014,C - POSSIBLE INJURY,0,0,1,0,1,4 - PEDESTRIAN
13741941,3/8/14,2014,C - POSSIBLE INJURY,0,0,1,0,1,4 - PEDESTRIAN
13762978,3/22/14,2014,A - SUSPECTED SERIOUS INJURY,0,0,0,1,1,4 - PEDESTRIAN
13778011,3/28/14,2014,C - POSSIBLE INJURY,0,0,1,0,1,4 - PEDESTRIAN
13778011,3/28/14,2014,C - POSSIBLE INJURY,0,0,1,0,1,4 - PEDESTRIAN
13778068,3/29/14,2014,C - POSSIBLE INJURY,0,0,1,0,1,4 - PEDESTRIAN
13778077,3/31/14,2014,B - SUSPECTED MINOR INJURY,1,0,0,0,1,4 - PEDESTRIAN
14127047,4/9/14,2014,K - FATAL INJURY,0,0,0,0,0,4 - PEDESTRIAN
13809308,4/11/14,2014,C - POSSIBLE INJURY,0,0,1,0,1,4 - PEDESTRIAN
13809001,4/14/14,2014,C - POSSIBLE INJURY,0,0,1,0,1,4 - PEDESTRIAN
13831031,4/21/14,2014,C - POSSIBLE INJURY,0,0,1,0,1,4 - PEDESTRIAN
13830599,4/29/14,2014,A - SUSPECTED SERIOUS INJURY,0,0,0,1,1,4 - PEDESTRIAN
13841623,5/5/14,2014,N - NOT INJURED,0,1,0,0,0,4 - PEDESTRIAN
13857735,5/9/14,2014,B - SUSPECTED MINOR INJURY,1,0,0,0,1,4 - PEDESTRIAN
13857424,5/11/14,2014,B - SUSPECTED MINOR INJURY,1,0,0,0,1,4 - PEDESTRIAN
13857827,5/12/14,2014,C - POSSIBLE INJURY,0,0,1,0,1,4 - PEDESTRIAN
14164134,5/15/14,2014,A - SUSPECTED SERIOUS INJURY,0,0,0,1,1,4 - PEDESTRIAN
13857647,5/17/14,2014,A - SUSPECTED SERIOUS INJURY,0,0,0,1,1,4 - PEDESTRIAN
13857712,5/18/14,2014,B - SUSPECTED MINOR INJURY,1,0,0,0,1,4 - PEDESTRIAN
14014902,5/21/14,2014,B - SUSPECTED MINOR INJURY,1,0,0,0,1,4 - PEDESTRIAN
13880372,5/29/14,2014,A - SUSPECTED SERIOUS INJURY,0,0,0,1,1,4 - PEDESTRIAN
14164136,5/31/14,2014,A - SUSPECTED SERIOUS INJURY,0,0,0,1,1,4 - PEDESTRIAN
14164136,5/31/14,2014,A - SUSPECTED SERIOUS INJURY,0,0,0,1,1,4 - PEDESTRIAN
14164136,5/31/14,2014,C - POSSIBLE INJURY,0,0,1,0,1,4 - PEDESTRIAN
13895871,6/4/14,2014,B - SUSPECTED MINOR INJURY,1,0,0,0,1,4 - PEDESTRIAN
13917746,6/4/14,2014,C - POSSIBLE INJURY,0,0,1,0,1,4 - PEDESTRIAN
13895850,6/5/14,2014,B - SUSPECTED MINOR INJURY,1,0,0,0,1,4 - PEDESTRIAN
13896106,6/13/14,2014,C - POSSIBLE INJURY,0,0,1,0,1,4 - PEDESTRIAN
14179349,6/16/14,2014,K - FATAL INJURY,0,0,0,0,0,4 - PEDESTRIAN
13947078,6/26/14,2014,B - SUSPECTED MINOR INJURY,1,0,0,0,1,4 - PEDESTRIAN
13981631,7/3/14,2014,A - SUSPECTED SERIOUS INJURY,0,0,0,1,1,4 - PEDESTRIAN
13981635,7/8/14,2014,B - SUSPECTED MINOR INJURY,1,0,0,0,1,4 - PEDESTRIAN
13947367,7/9/14,2014,C - POSSIBLE INJURY,0,0,1,0,1,4 - PEDESTRIAN
13947340,7/13/14,2014,B - SUSPECTED MINOR INJURY,1,0,0,0,1,4 - PEDESTRIAN
13969541,7/27/14,2014,B - SUSPECTED MINOR INJURY,1,0,0,0,1,4 - PEDESTRIAN
13968828,7/28/14,2014,B - SUSPECTED MINOR INJURY,1,0,0,0,1,4 - PEDESTRIAN
14038709,7/30/14,2014,B - SUSPECTED MINOR INJURY,1,0,0,0,1,4 - PEDESTRIAN
13981643,8/2/14,2014,B - SUSPECTED MINOR INJURY,1,0,0,0,1,4 - PEDESTRIAN
13981556,8/5/14,2014,C - POSSIBLE INJURY,0,0,1,0,1,4 - PEDESTRIAN
14356751,8/19/14,2014,A - SUSPECTED SERIOUS INJURY,0,0,0,1,1,4 - PEDESTRIAN
14015360,8/20/14,2014,B - SUSPECTED MINOR INJURY,1,0,0,0,1,4 - PEDESTRIAN
14015242,8/28/14,2014,C - POSSIBLE INJURY,0,0,1,0,1,4 - PEDESTRIAN
14038608,9/1/14,2014,B - SUSPECTED MINOR INJURY,1,0,0,0,1,4 - PEDESTRIAN
14083162,9/1/14,2014,B - SUSPECTED MINOR INJURY,1,0,0,0,1,4 - PEDESTRIAN
14038625,9/2/14,2014,C - POSSIBLE INJURY,0,0,1,0,1,4 - PEDESTRIAN
14038400,9/8/14,2014,B - SUSPECTED MINOR INJURY,1,0,0,0,1,4 - PEDESTRIAN
14038313,9/10/14,2014,B - SUSPECTED MINOR INJURY,1,0,0,0,1,4 - PEDESTRIAN
14045711,9/18/14,2014,C - POSSIBLE INJURY,0,0,1,0,1,4 - PEDESTRIAN
14067521,9/22/14,2014,B - SUSPECTED MINOR INJURY,1,0,0,0,1,4 - PEDESTRIAN
14067588,9/24/14,2014,A - SUSPECTED SERIOUS INJURY,0,0,0,1,1,4 - PEDESTRIAN
14067643,9/26/14,2014,B - SUSPECTED MINOR INJURY,1,0,0,0,1,4 - PEDESTRIAN
14083164,9/30/14,2014,C - POSSIBLE INJURY,0,0,1,0,1,4 - PEDESTRIAN
14083196,10/1/14,2014,A - SUSPECTED SERIOUS INJURY,0,0,0,1,1,4 - PEDESTRIAN
14083219,10/1/14,2014,C - POSSIBLE INJURY,0,0,1,0,1,4 - PEDESTRIAN
14225306,10/1/14,2014,K - FATAL INJURY,0,0,0,0,0,4 - PEDESTRIAN
14083118,10/6/14,2014,C - POSSIBLE INJURY,0,0,1,0,1,4 - PEDESTRIAN
14093291,10/13/14,2014,B - SUSPECTED MINOR INJURY,1,0,0,0,1,4 - PEDESTRIAN
14093317,10/14/14,2014,B - SUSPECTED MINOR INJURY,1,0,0,0,1,4 - PEDESTRIAN
14093349,10/15/14,2014,C - POSSIBLE INJURY,0,0,1,0,1,4 - PEDESTRIAN
14126388,10/23/14,2014,B - SUSPECTED MINOR INJURY,1,0,0,0,1,4 - PEDESTRIAN
14121801,10/31/14,2014,C - POSSIBLE INJURY,0,0,1,0,1,4 - PEDESTRIAN
14151282,10/31/14,2014,K - FATAL INJURY,0,0,0,0,0,4 - PEDESTRIAN
14135274,11/6/14,2014,B - SUSPECTED MINOR INJURY,1,0,0,0,1,4 - PEDESTRIAN
14135290,11/6/14,2014,C - POSSIBLE INJURY,0,0,1,0,1,4 - PEDESTRIAN
14257233,11/8/14,2014,C - POSSIBLE INJURY,0,0,1,0,1,4 - PEDESTRIAN
14148322,11/9/14,2014,C - POSSIBLE INJURY,0,0,1,0,1,4 - PEDESTRIAN
14148350,11/9/14,2014,B - SUSPECTED MINOR INJURY,1,0,0,0,1,4 - PEDESTRIAN
14164157,11/17/14,2014,C - POSSIBLE INJURY,0,0,1,0,1,4 - PEDESTRIAN
14164183,11/19/14,2014,B - SUSPECTED MINOR INJURY,1,0,0,0,1,4 - PEDESTRIAN
14164189,11/20/14,2014,C - POSSIBLE INJURY,0,0,1,0,1,4 - PEDESTRIAN
14164195,11/20/14,2014,A - SUSPECTED SERIOUS INJURY,0,0,0,1,1,4 - PEDESTRIAN
14164150,11/21/14,2014,N - NOT INJURED,0,1,0,0,0,4 - PEDESTRIAN
14164208,11/21/14,2014,C - POSSIBLE INJURY,0,0,1,0,1,4 - PEDESTRIAN
14164798,11/25/14,2014,C - POSSIBLE INJURY,0,0,1,0,1,4 - PEDESTRIAN
14164832,11/26/14,2014,C - POSSIBLE INJURY,0,0,1,0,1,4 - PEDESTRIAN
14164853,11/28/14,2014,C - POSSIBLE INJURY,0,0,1,0,1,4 - PEDESTRIAN
14164887,11/30/14,2014,C - POSSIBLE INJURY,0,0,1,0,1,4 - PEDESTRIAN
14186942,11/30/14,2014,B - SUSPECTED MINOR INJURY,1,0,0,0,1,4 - PEDESTRIAN
14186960,12/2/14,2014,B - SUSPECTED MINOR INJURY,1,0,0,0,1,4 - PEDESTRIAN
14186888,12/4/14,2014,C - POSSIBLE INJURY,0,0,1,0,1,4 - PEDESTRIAN
14186896,12/5/14,2014,C - POSSIBLE INJURY,0,0,1,0,1,4 - PEDESTRIAN
14241221,12/5/14,2014,K - FATAL INJURY,0,0,0,0,0,4 - PEDESTRIAN
14187014,12/10/14,2014,C - POSSIBLE INJURY,0,0,1,0,1,4 - PEDESTRIAN
14186930,12/12/14,2014,C - POSSIBLE INJURY,0,0,1,0,1,4 - PEDESTRIAN
14209201,12/13/14,2014,B - SUSPECTED MINOR INJURY,1,0,0,0,1,4 - PEDESTRIAN
14224899,12/19/14,2014,A - SUSPECTED SERIOUS INJURY,0,0,0,1,1,4 - PEDESTRIAN
14224898,12/20/14,2014,A - SUSPECTED SERIOUS INJURY,0,0,0,1,1,4 - PEDESTRIAN
14224896,12/21/14,2014,A - SUSPECTED SERIOUS INJURY,0,0,0,1,1,4 - PEDESTRIAN
14224664,12/31/14,2014,B - SUSPECTED MINOR INJURY,1,0,0,0,1,4 - PEDESTRIAN
14269857,12/31/14,2014,B - SUSPECTED MINOR INJURY,1,0,0,0,1,4 - PEDESTRIAN
14236703,1/2/15,2015,B - SUSPECTED MINOR INJURY,1,0,0,0,1,4 - PEDESTRIAN
14236703,1/2/15,2015,B - SUSPECTED MINOR INJURY,1,0,0,0,1,4 - PEDESTRIAN
14236704,1/2/15,2015,C - POSSIBLE INJURY,0,0,1,0,1,4 - PEDESTRIAN
14236818,1/8/15,2015,C - POSSIBLE INJURY,0,0,1,0,1,4 - PEDESTRIAN
14257141,1/12/15,2015,C - POSSIBLE INJURY,0,0,1,0,1,4 - PEDESTRIAN
14382917,1/14/15,2015,A - SUSPECTED SERIOUS INJURY,0,0,0,1,1,4 - PEDESTRIAN
14269382,1/25/15,2015,C - POSSIBLE INJURY,0,0,1,0,1,4 - PEDESTRIAN
14345960,1/27/15,2015,B - SUSPECTED MINOR INJURY,1,0,0,0,1,4 - PEDESTRIAN
14289198,1/28/15,2015,C - POSSIBLE INJURY,0,0,1,0,1,4 - PEDESTRIAN
14364779,1/29/15,2015,99 - UNKNOWN,0,0,0,0,0,4 - PEDESTRIAN
14289551,2/3/15,2015,B - SUSPECTED MINOR INJURY,1,0,0,0,1,4 - PEDESTRIAN
14289108,2/5/15,2015,N - NOT INJURED,0,1,0,0,0,4 - PEDESTRIAN
14289110,2/5/15,2015,C - POSSIBLE INJURY,0,0,1,0,1,4 - PEDESTRIAN
14289110,2/5/15,2015,C - POSSIBLE INJURY,0,0,1,0,1,4 - PEDESTRIAN
14295808,2/7/15,2015,C - POSSIBLE INJURY,0,0,1,0,1,4 - PEDESTRIAN
14295805,2/9/15,2015,B - SUSPECTED MINOR INJURY,1,0,0,0,1,4 - PEDESTRIAN
14295825,2/10/15,2015,B - SUSPECTED MINOR INJURY,1,0,0,0,1,4 - PEDESTRIAN
14295704,2/11/15,2015,C - POSSIBLE INJURY,0,0,1,0,1,4 - PEDESTRIAN
14328495,2/12/15,2015,B - SUSPECTED MINOR INJURY,1,0,0,0,1,4 - PEDESTRIAN
14859041,2/13/15,2015,A - SUSPECTED SERIOUS INJURY,0,0,0,1,1,4 - PEDESTRIAN
14383087,2/18/15,2015,C - POSSIBLE INJURY,0,0,1,0,1,4 - PEDESTRIAN
14333068,3/2/15,2015,B - SUSPECTED MINOR INJURY,1,0,0,0,1,4 - PEDESTRIAN
14333125,3/3/15,2015,B - SUSPECTED MINOR INJURY,1,0,0,0,1,4 - PEDESTRIAN
14333474,3/7/15,2015,C - POSSIBLE INJURY,0,0,1,0,1,4 - PEDESTRIAN
14378816,3/7/15,2015,K - FATAL INJURY,0,0,0,0,0,4 - PEDESTRIAN
14397322,3/11/15,2015,C - POSSIBLE INJURY,0,0,1,0,1,4 - PEDESTRIAN
14781276,3/12/15,2015,A - SUSPECTED SERIOUS INJURY,0,0,0,1,1,4 - PEDESTRIAN
14384889,3/21/15,2015,A - SUSPECTED SERIOUS INJURY,0,0,0,1,1,4 - PEDESTRIAN
14384959,3/27/15,2015,C - POSSIBLE INJURY,0,0,1,0,1,4 - PEDESTRIAN
14384895,3/29/15,2015,A - SUSPECTED SERIOUS INJURY,0,0,0,1,1,4 - PEDESTRIAN
14384896,3/29/15,2015,B - SUSPECTED MINOR INJURY,1,0,0,0,1,4 - PEDESTRIAN
14454726,4/5/15,2015,A - SUSPECTED SERIOUS INJURY,0,0,0,1,1,4 - PEDESTRIAN
14521398,4/8/15,2015,C - POSSIBLE INJURY,0,0,1,0,1,4 - PEDESTRIAN
14406171,4/13/15,2015,C - POSSIBLE INJURY,0,0,1,0,1,4 - PEDESTRIAN
14406310,4/13/15,2015,C - POSSIBLE INJURY,0,0,1,0,1,4 - PEDESTRIAN
14519160,4/15/15,2015,A - SUSPECTED SERIOUS INJURY,0,0,0,1,1,4 - PEDESTRIAN
14420581,4/24/15,2015,B - SUSPECTED MINOR INJURY,1,0,0,0,1,4 - PEDESTRIAN
14519129,4/26/15,2015,99 - UNKNOWN,0,0,0,0,0,4 - PEDESTRIAN
14433320,4/28/15,2015,A - SUSPECTED SERIOUS INJURY,0,0,0,1,1,4 - PEDESTRIAN
15269048,5/1/15,2015,K - FATAL INJURY,0,0,0,0,0,4 - PEDESTRIAN
14454593,5/12/15,2015,B - SUSPECTED MINOR INJURY,1,0,0,0,1,4 - PEDESTRIAN
14454553,5/14/15,2015,C - POSSIBLE INJURY,0,0,1,0,1,4 - PEDESTRIAN
14510938,5/19/15,2015,A - SUSPECTED SERIOUS INJURY,0,0,0,1,1,4 - PEDESTRIAN
15597243,5/22/15,2015,B - SUSPECTED MINOR INJURY,1,0,0,0,1,4 - PEDESTRIAN
14494576,6/3/15,2015,B - SUSPECTED MINOR INJURY,1,0,0,0,1,4 - PEDESTRIAN
14499976,6/8/15,2015,B - SUSPECTED MINOR INJURY,1,0,0,0,1,4 - PEDESTRIAN
14500055,6/12/15,2015,C - POSSIBLE INJURY,0,0,1,0,1,4 - PEDESTRIAN
14500055,6/12/15,2015,C - POSSIBLE INJURY,0,0,1,0,1,4 - PEDESTRIAN
14510826,6/18/15,2015,C - POSSIBLE INJURY,0,0,1,0,1,4 - PEDESTRIAN
14510888,6/19/15,2015,N - NOT INJURED,0,1,0,0,0,4 - PEDESTRIAN
14523969,6/23/15,2015,C - POSSIBLE INJURY,0,0,1,0,1,4 - PEDESTRIAN
14523797,6/25/15,2015,B - SUSPECTED MINOR INJURY,1,0,0,0,1,4 - PEDESTRIAN
14534695,6/25/15,2015,A - SUSPECTED SERIOUS INJURY,0,0,0,1,1,4 - PEDESTRIAN
14536244,6/29/15,2015,B - SUSPECTED MINOR INJURY,1,0,0,0,1,4 - PEDESTRIAN
14602444,7/27/15,2015,C - POSSIBLE INJURY,0,0,1,0,1,4 - PEDESTRIAN
14602506,8/7/15,2015,A - SUSPECTED SERIOUS INJURY,0,0,0,1,1,4 - PEDESTRIAN
14658558,8/10/15,2015,C - POSSIBLE INJURY,0,0,1,0,1,4 - PEDESTRIAN
14614706,8/16/15,2015,B - SUSPECTED MINOR INJURY,1,0,0,0,1,4 - PEDESTRIAN
14614543,8/17/15,2015,B - SUSPECTED MINOR INJURY,1,0,0,0,1,4 - PEDESTRIAN
14614647,8/17/15,2015,99 - UNKNOWN,0,0,0,0,0,4 - PEDESTRIAN
14614609,8/20/15,2015,B - SUSPECTED MINOR INJURY,1,0,0,0,1,4 - PEDESTRIAN
15187118,8/23/15,2015,K - FATAL INJURY,0,0,0,0,0,4 - PEDESTRIAN
14638955,8/25/15,2015,B - SUSPECTED MINOR INJURY,1,0,0,0,1,4 - PEDESTRIAN
14638960,8/25/15,2015,B - SUSPECTED MINOR INJURY,1,0,0,0,1,4 - PEDESTRIAN
14638909,8/29/15,2015,B - SUSPECTED MINOR INJURY,1,0,0,0,1,4 - PEDESTRIAN
15269047,8/29/15,2015,K - FATAL INJURY,0,0,0,0,0,4 - PEDESTRIAN
15269047,8/29/15,2015,K - FATAL INJURY,0,0,0,0,0,4 - PEDESTRIAN
15269047,8/29/15,2015,A - SUSPECTED SERIOUS INJURY,0,0,0,1,1,4 - PEDESTRIAN
14638835,8/31/15,2015,B - SUSPECTED MINOR INJURY,1,0,0,0,1,4 - PEDESTRIAN
14651717,9/11/15,2015,B - SUSPECTED MINOR INJURY,1,0,0,0,1,4 - PEDESTRIAN
14651636,9/13/15,2015,99 - UNKNOWN,0,0,0,0,0,4 - PEDESTRIAN
14721596,9/16/15,2015,B - SUSPECTED MINOR INJURY,1,0,0,0,1,4 - PEDESTRIAN
14666820,9/17/15,2015,C - POSSIBLE INJURY,0,0,1,0,1,4 - PEDESTRIAN
14666822,9/18/15,2015,N - NOT INJURED,0,1,0,0,0,4 - PEDESTRIAN
14667149,9/19/15,2015,B - SUSPECTED MINOR INJURY,1,0,0,0,1,4 - PEDESTRIAN
14667042,9/20/15,2015,A - SUSPECTED SERIOUS INJURY,0,0,0,1,1,4 - PEDESTRIAN
14679045,9/22/15,2015,A - SUSPECTED SERIOUS INJURY,0,0,0,1,1,4 - PEDESTRIAN
14679032,9/24/15,2015,B - SUSPECTED MINOR INJURY,1,0,0,0,1,4 - PEDESTRIAN
14678867,9/30/15,2015,C - POSSIBLE INJURY,0,0,1,0,1,4 - PEDESTRIAN
14691994,10/2/15,2015,A - SUSPECTED SERIOUS INJURY,0,0,0,1,1,4 - PEDESTRIAN
14721718,10/9/15,2015,N - NOT INJURED,0,1,0,0,0,4 - PEDESTRIAN
14750569,10/22/15,2015,C - POSSIBLE INJURY,0,0,1,0,1,4 - PEDESTRIAN
14843471,10/23/15,2015,C - POSSIBLE INJURY,0,0,1,0,1,4 - PEDESTRIAN
14750503,10/25/15,2015,C - POSSIBLE INJURY,0,0,1,0,1,4 - PEDESTRIAN
14750372,10/28/15,2015,B - SUSPECTED MINOR INJURY,1,0,0,0,1,4 - PEDESTRIAN
14813309,10/30/15,2015,A - SUSPECTED SERIOUS INJURY,0,0,0,1,1,4 - PEDESTRIAN
14781307,11/1/15,2015,C - POSSIBLE INJURY,0,0,1,0,1,4 - PEDESTRIAN
14781339,11/2/15,2015,B - SUSPECTED MINOR INJURY,1,0,0,0,1,4 - PEDESTRIAN
14835911,11/6/15,2015,C - POSSIBLE INJURY,0,0,1,0,1,4 - PEDESTRIAN
14799988,11/16/15,2015,C - POSSIBLE INJURY,0,0,1,0,1,4 - PEDESTRIAN
14799988,11/16/15,2015,N - NOT INJURED,0,1,0,0,0,4 - PEDESTRIAN
14835913,11/16/15,2015,B - SUSPECTED MINOR INJURY,1,0,0,0,1,4 - PEDESTRIAN
14843470,11/19/15,2015,C - POSSIBLE INJURY,0,0,1,0,1,4 - PEDESTRIAN
15436924,11/27/15,2015,K - FATAL INJURY,0,0,0,0,0,4 - PEDESTRIAN
14813339,12/2/15,2015,B - SUSPECTED MINOR INJURY,1,0,0,0,1,4 - PEDESTRIAN
14813116,12/7/15,2015,B - SUSPECTED MINOR INJURY,1,0,0,0,1,4 - PEDESTRIAN
14833101,12/18/15,2015,C - POSSIBLE INJURY,0,0,1,0,1,4 - PEDESTRIAN
14833101,12/18/15,2015,B - SUSPECTED MINOR INJURY,1,0,0,0,1,4 - PEDESTRIAN
14843963,12/19/15,2015,C - POSSIBLE INJURY,0,0,1,0,1,4 - PEDESTRIAN
14843994,12/22/15,2015,B - SUSPECTED MINOR INJURY,1,0,0,0,1,4 - PEDESTRIAN
14897808,12/25/15,2015,B - SUSPECTED MINOR INJURY,1,0,0,0,1,4 - PEDESTRIAN
14843943,12/27/15,2015,B - SUSPECTED MINOR INJURY,1,0,0,0,1,4 - PEDESTRIAN
14936654,12/27/15,2015,C - POSSIBLE INJURY,0,0,1,0,1,4 - PEDESTRIAN
14874468,1/8/16,2016,N - NOT INJURED,0,1,0,0,0,4 - PEDESTRIAN
14874468,1/8/16,2016,N - NOT INJURED,0,1,0,0,0,4 - PEDESTRIAN
14884006,1/15/16,2016,B - SUSPECTED MINOR INJURY,1,0,0,0,1,4 - PEDESTRIAN
14884011,1/15/16,2016,C - POSSIBLE INJURY,0,0,1,0,1,4 - PEDESTRIAN
14884013,1/15/16,2016,C - POSSIBLE INJURY,0,0,1,0,1,4 - PEDESTRIAN
14897856,1/22/16,2016,C - POSSIBLE INJURY,0,0,1,0,1,4 - PEDESTRIAN
14897763,1/23/16,2016,99 - UNKNOWN,0,0,0,0,0,4 - PEDESTRIAN
14897763,1/23/16,2016,99 - UNKNOWN,0,0,0,0,0,4 - PEDESTRIAN
14903976,1/29/16,2016,B - SUSPECTED MINOR INJURY,1,0,0,0,1,4 - PEDESTRIAN
14904003,1/29/16,2016,C - POSSIBLE INJURY,0,0,1,0,1,4 - PEDESTRIAN
14937063,2/1/16,2016,B - SUSPECTED MINOR INJURY,1,0,0,0,1,4 - PEDESTRIAN
14937074,2/3/16,2016,B - SUSPECTED MINOR INJURY,1,0,0,0,1,4 - PEDESTRIAN
14936960,2/8/16,2016,C - POSSIBLE INJURY,0,0,1,0,1,4 - PEDESTRIAN
14936960,2/8/16,2016,C - POSSIBLE INJURY,0,0,1,0,1,4 - PEDESTRIAN
14936246,2/12/16,2016,99 - UNKNOWN,0,0,0,0,0,4 - PEDESTRIAN
15031382,2/12/16,2016,A - SUSPECTED SERIOUS INJURY,0,0,0,1,1,4 - PEDESTRIAN
14936360,2/17/16,2016,B - SUSPECTED MINOR INJURY,1,0,0,0,1,4 - PEDESTRIAN
14936377,2/17/16,2016,C - POSSIBLE INJURY,0,0,1,0,1,4 - PEDESTRIAN
15187119,2/17/16,2016,K - FATAL INJURY,0,0,0,0,0,4 - PEDESTRIAN
15166158,2/19/16,2016,K - FATAL INJURY,0,0,0,0,0,4 - PEDESTRIAN
15256238,2/23/16,2016,C - POSSIBLE INJURY,0,0,1,0,1,4 - PEDESTRIAN
14982273,2/27/16,2016,C - POSSIBLE INJURY,0,0,1,0,1,4 - PEDESTRIAN
15256237,2/28/16,2016,C - POSSIBLE INJURY,0,0,1,0,1,4 - PEDESTRIAN
14981517,3/1/16,2016,C - POSSIBLE INJURY,0,0,1,0,1,4 - PEDESTRIAN
15030097,3/21/16,2016,K - FATAL INJURY,0,0,0,0,0,4 - PEDESTRIAN
15031423,3/24/16,2016,99 - UNKNOWN,0,0,0,0,0,4 - PEDESTRIAN
15031481,3/24/16,2016,99 - UNKNOWN,0,0,0,0,0,4 - PEDESTRIAN
15031356,3/30/16,2016,B - SUSPECTED MINOR INJURY,1,0,0,0,1,4 - PEDESTRIAN
15221652,3/30/16,2016,A - SUSPECTED SERIOUS INJURY,0,0,0,1,1,4 - PEDESTRIAN
15320621,3/31/16,2016,K - FATAL INJURY,0,0,0,0,0,4 - PEDESTRIAN
15042343,4/2/16,2016,B - SUSPECTED MINOR INJURY,1,0,0,0,1,4 - PEDESTRIAN
15042378,4/4/16,2016,C - POSSIBLE INJURY,0,0,1,0,1,4 - PEDESTRIAN
15081971,4/10/16,2016,C - POSSIBLE INJURY,0,0,1,0,1,4 - PEDESTRIAN
15081877,4/11/16,2016,B - SUSPECTED MINOR INJURY,1,0,0,0,1,4 - PEDESTRIAN
15081874,4/12/16,2016,A - SUSPECTED SERIOUS INJURY,0,0,0,1,1,4 - PEDESTRIAN
15081556,4/15/16,2016,A - SUSPECTED SERIOUS INJURY,0,0,0,1,1,4 - PEDESTRIAN
15081556,4/15/16,2016,B - SUSPECTED MINOR INJURY,1,0,0,0,1,4 - PEDESTRIAN
15096432,4/21/16,2016,B - SUSPECTED MINOR INJURY,1,0,0,0,1,4 - PEDESTRIAN
15096432,4/21/16,2016,B - SUSPECTED MINOR INJURY,1,0,0,0,1,4 - PEDESTRIAN
15141728,4/23/16,2016,B - SUSPECTED MINOR INJURY,1,0,0,0,1,4 - PEDESTRIAN
15097030,5/5/16,2016,A - SUSPECTED SERIOUS INJURY,0,0,0,1,1,4 - PEDESTRIAN
15141805,5/8/16,2016,C - POSSIBLE INJURY,0,0,1,0,1,4 - PEDESTRIAN
15166157,5/16/16,2016,K - FATAL INJURY,0,0,0,0,0,4 - PEDESTRIAN
15142193,5/17/16,2016,C - POSSIBLE INJURY,0,0,1,0,1,4 - PEDESTRIAN
15141830,5/27/16,2016,B - SUSPECTED MINOR INJURY,1,0,0,0,1,4 - PEDESTRIAN
15209486,6/2/16,2016,B - SUSPECTED MINOR INJURY,1,0,0,0,1,4 - PEDESTRIAN
15168072,6/5/16,2016,A - SUSPECTED SERIOUS INJURY,0,0,0,1,1,4 - PEDESTRIAN
15209483,6/16/16,2016,C - POSSIBLE INJURY,0,0,1,0,1,4 - PEDESTRIAN
15209642,6/22/16,2016,B - SUSPECTED MINOR INJURY,1,0,0,0,1,4 - PEDESTRIAN
15209584,6/24/16,2016,A - SUSPECTED SERIOUS INJURY,0,0,0,1,1,4 - PEDESTRIAN
15210407,6/24/16,2016,K - FATAL INJURY,0,0,0,0,0,4 - PEDESTRIAN
15256224,6/29/16,2016,C - POSSIBLE INJURY,0,0,1,0,1,4 - PEDESTRIAN
15221854,7/3/16,2016,B - SUSPECTED MINOR INJURY,1,0,0,0,1,4 - PEDESTRIAN
15221829,7/7/16,2016,C - POSSIBLE INJURY,0,0,1,0,1,4 - PEDESTRIAN
15233723,7/19/16,2016,A - SUSPECTED SERIOUS INJURY,0,0,0,1,1,4 - PEDESTRIAN
15243798,7/22/16,2016,B - SUSPECTED MINOR INJURY,1,0,0,0,1,4 - PEDESTRIAN
15262938,8/4/16,2016,N - NOT INJURED,0,1,0,0,0,4 - PEDESTRIAN
15270392,8/7/16,2016,C - POSSIBLE INJURY,0,0,1,0,1,4 - PEDESTRIAN
15282885,8/9/16,2016,B - SUSPECTED MINOR INJURY,1,0,0,0,1,4 - PEDESTRIAN
15283026,8/18/16,2016,N - NOT INJURED,0,1,0,0,0,4 - PEDESTRIAN
15343559,8/28/16,2016,A - SUSPECTED SERIOUS INJURY,0,0,0,1,1,4 - PEDESTRIAN
15862740,8/28/16,2016,A - SUSPECTED SERIOUS INJURY,0,0,0,1,1,4 - PEDESTRIAN
15322143,9/2/16,2016,C - POSSIBLE INJURY,0,0,1,0,1,4 - PEDESTRIAN
15322163,9/3/16,2016,C - POSSIBLE INJURY,0,0,1,0,1,4 - PEDESTRIAN
15373839,9/6/16,2016,B - SUSPECTED MINOR INJURY,1,0,0,0,1,4 - PEDESTRIAN
15679854,9/7/16,2016,K - FATAL INJURY,0,0,0,0,0,4 - PEDESTRIAN
15343542,9/14/16,2016,B - SUSPECTED MINOR INJURY,1,0,0,0,1,4 - PEDESTRIAN
15326368,9/16/16,2016,N - NOT INJURED,0,1,0,0,0,4 - PEDESTRIAN
15406645,9/17/16,2016,A - SUSPECTED SERIOUS INJURY,0,0,0,1,1,4 - PEDESTRIAN
15356332,9/23/16,2016,B - SUSPECTED MINOR INJURY,1,0,0,0,1,4 - PEDESTRIAN
15373823,9/23/16,2016,A - SUSPECTED SERIOUS INJURY,0,0,0,1,1,4 - PEDESTRIAN
15356518,9/27/16,2016,B - SUSPECTED MINOR INJURY,1,0,0,0,1,4 - PEDESTRIAN
15356529,9/28/16,2016,C - POSSIBLE INJURY,0,0,1,0,1,4 - PEDESTRIAN
15433202,9/28/16,2016,B - SUSPECTED MINOR INJURY,1,0,0,0,1,4 - PEDESTRIAN
15364563,10/3/16,2016,B - SUSPECTED MINOR INJURY,1,0,0,0,1,4 - PEDESTRIAN
15364558,10/8/16,2016,B - SUSPECTED MINOR INJURY,1,0,0,0,1,4 - PEDESTRIAN
15378372,10/10/16,2016,C - POSSIBLE INJURY,0,0,1,0,1,4 - PEDESTRIAN
15378328,10/11/16,2016,A - SUSPECTED SERIOUS INJURY,0,0,0,1,1,4 - PEDESTRIAN
15379272,10/15/16,2016,C - POSSIBLE INJURY,0,0,1,0,1,4 - PEDESTRIAN
15381365,10/15/16,2016,C - POSSIBLE INJURY,0,0,1,0,1,4 - PEDESTRIAN
15383332,10/18/16,2016,B - SUSPECTED MINOR INJURY,1,0,0,0,1,4 - PEDESTRIAN
15731510,10/24/16,2016,K - FATAL INJURY,0,0,0,0,0,4 - PEDESTRIAN
15411778,10/29/16,2016,B - SUSPECTED MINOR INJURY,1,0,0,0,1,4 - PEDESTRIAN
15441683,10/30/16,2016,C - POSSIBLE INJURY,0,0,1,0,1,4 - PEDESTRIAN
15425429,11/9/16,2016,C - POSSIBLE INJURY,0,0,1,0,1,4 - PEDESTRIAN
15426359,11/9/16,2016,B - SUSPECTED MINOR INJURY,1,0,0,0,1,4 - PEDESTRIAN
15532962,11/11/16,2016,N - NOT INJURED,0,1,0,0,0,4 - PEDESTRIAN
15434692,11/14/16,2016,C - POSSIBLE INJURY,0,0,1,0,1,4 - PEDESTRIAN
15442293,11/17/16,2016,B - SUSPECTED MINOR INJURY,1,0,0,0,1,4 - PEDESTRIAN
15442293,11/17/16,2016,N - NOT INJURED,0,1,0,0,0,4 - PEDESTRIAN
15442351,11/18/16,2016,A - SUSPECTED SERIOUS INJURY,0,0,0,1,1,4 - PEDESTRIAN
15450684,11/19/16,2016,C - POSSIBLE INJURY,0,0,1,0,1,4 - PEDESTRIAN
15456760,11/24/16,2016,B - SUSPECTED MINOR INJURY,1,0,0,0,1,4 - PEDESTRIAN
15459833,11/28/16,2016,C - POSSIBLE INJURY,0,0,1,0,1,4 - PEDESTRIAN
15518574,11/28/16,2016,C - POSSIBLE INJURY,0,0,1,0,1,4 - PEDESTRIAN
15470473,11/30/16,2016,B - SUSPECTED MINOR INJURY,1,0,0,0,1,4 - PEDESTRIAN
15465762,12/1/16,2016,C - POSSIBLE INJURY,0,0,1,0,1,4 - PEDESTRIAN
15465763,12/1/16,2016,C - POSSIBLE INJURY,0,0,1,0,1,4 - PEDESTRIAN
15470786,12/4/16,2016,B - SUSPECTED MINOR INJURY,1,0,0,0,1,4 - PEDESTRIAN
15474163,12/6/16,2016,C - POSSIBLE INJURY,0,0,1,0,1,4 - PEDESTRIAN
15474163,12/6/16,2016,C - POSSIBLE INJURY,0,0,1,0,1,4 - PEDESTRIAN
15476228,12/6/16,2016,A - SUSPECTED SERIOUS INJURY,0,0,0,1,1,4 - PEDESTRIAN
15485012,12/9/16,2016,99 - UNKNOWN,0,0,0,0,0,4 - PEDESTRIAN
15484019,12/10/16,2016,C - POSSIBLE INJURY,0,0,1,0,1,4 - PEDESTRIAN
15490754,12/13/16,2016,C - POSSIBLE INJURY,0,0,1,0,1,4 - PEDESTRIAN
15518417,12/17/16,2016,B - SUSPECTED MINOR INJURY,1,0,0,0,1,4 - PEDESTRIAN
15518349,12/19/16,2016,B - SUSPECTED MINOR INJURY,1,0,0,0,1,4 - PEDESTRIAN
15518480,12/24/16,2016,C - POSSIBLE INJURY,0,0,1,0,1,4 - PEDESTRIAN
15518549,12/24/16,2016,C - POSSIBLE INJURY,0,0,1,0,1,4 - PEDESTRIAN
15518526,12/28/16,2016,B - SUSPECTED MINOR INJURY,1,0,0,0,1,4 - PEDESTRIAN
15518673,1/2/17,2017,B - SUSPECTED MINOR INJURY,1,0,0,0,1,4 - PEDESTRIAN
15533998,1/10/17,2017,C - POSSIBLE INJURY,0,0,1,0,1,4 - PEDESTRIAN
15535991,1/12/17,2017,99 - UNKNOWN,0,0,0,0,0,4 - PEDESTRIAN
15541091,1/15/17,2017,B - SUSPECTED MINOR INJURY,1,0,0,0,1,4 - PEDESTRIAN
15556548,1/25/17,2017,C - POSSIBLE INJURY,0,0,1,0,1,4 - PEDESTRIAN
15565913,1/28/17,2017,C - POSSIBLE INJURY,0,0,1,0,1,4 - PEDESTRIAN
15569503,1/30/17,2017,B - SUSPECTED MINOR INJURY,1,0,0,0,1,4 - PEDESTRIAN
15569504,1/31/17,2017,A - SUSPECTED SERIOUS INJURY,0,0,0,1,1,4 - PEDESTRIAN
15585593,2/10/17,2017,C - POSSIBLE INJURY,0,0,1,0,1,4 - PEDESTRIAN
15585126,2/12/17,2017,C - POSSIBLE INJURY,0,0,1,0,1,4 - PEDESTRIAN
15591893,2/15/17,2017,B - SUSPECTED MINOR INJURY,1,0,0,0,1,4 - PEDESTRIAN
15594534,2/16/17,2017,B - SUSPECTED MINOR INJURY,1,0,0,0,1,4 - PEDESTRIAN
15602567,2/22/17,2017,C - POSSIBLE INJURY,0,0,1,0,1,4 - PEDESTRIAN
15622333,2/27/17,2017,B - SUSPECTED MINOR INJURY,1,0,0,0,1,4 - PEDESTRIAN
15641107,3/8/17,2017,N - NOT INJURED,0,1,0,0,0,4 - PEDESTRIAN
15641299,3/10/17,2017,N - NOT INJURED,0,1,0,0,0,4 - PEDESTRIAN
15644314,3/14/17,2017,A - SUSPECTED SERIOUS INJURY,0,0,0,1,1,4 - PEDESTRIAN
15644314,3/14/17,2017,A - SUSPECTED SERIOUS INJURY,0,0,0,1,1,4 - PEDESTRIAN
15657953,3/21/17,2017,99 - UNKNOWN,0,0,0,0,0,4 - PEDESTRIAN
15666268,3/24/17,2017,C - POSSIBLE INJURY,0,0,1,0,1,4 - PEDESTRIAN
15672035,3/29/17,2017,C - POSSIBLE INJURY,0,0,1,0,1,4 - PEDESTRIAN
15693013,4/7/17,2017,N - NOT INJURED,0,1,0,0,0,4 - PEDESTRIAN
15707051,4/9/17,2017,B - SUSPECTED MINOR INJURY,1,0,0,0,1,4 - PEDESTRIAN
15707051,4/9/17,2017,N - NOT INJURED,0,1,0,0,0,4 - PEDESTRIAN
15707051,4/9/17,2017,N - NOT INJURED,0,1,0,0,0,4 - PEDESTRIAN
15695850,4/10/17,2017,A - SUSPECTED SERIOUS INJURY,0,0,0,1,1,4 - PEDESTRIAN
15700331,4/11/17,2017,N - NOT INJURED,0,1,0,0,0,4 - PEDESTRIAN
15700406,4/12/17,2017,B - SUSPECTED MINOR INJURY,1,0,0,0,1,4 - PEDESTRIAN
15708815,4/17/17,2017,B - SUSPECTED MINOR INJURY,1,0,0,0,1,4 - PEDESTRIAN
15708817,4/17/17,2017,B - SUSPECTED MINOR INJURY,1,0,0,0,1,4 - PEDESTRIAN
15862739,4/17/17,2017,A - SUSPECTED SERIOUS INJURY,0,0,0,1,1,4 - PEDESTRIAN
15712519,4/19/17,2017,B - SUSPECTED MINOR INJURY,1,0,0,0,1,4 - PEDESTRIAN
15718997,4/21/17,2017,B - SUSPECTED MINOR INJURY,1,0,0,0,1,4 - PEDESTRIAN
15721071,4/24/17,2017,B - SUSPECTED MINOR INJURY,1,0,0,0,1,4 - PEDESTRIAN
15726970,4/27/17,2017,C - POSSIBLE INJURY,0,0,1,0,1,4 - PEDESTRIAN
15744175,5/7/17,2017,C - POSSIBLE INJURY,0,0,1,0,1,4 - PEDESTRIAN
15758295,5/11/17,2017,C - POSSIBLE INJURY,0,0,1,0,1,4 - PEDESTRIAN
15760992,5/12/17,2017,B - SUSPECTED MINOR INJURY,1,0,0,0,1,4 - PEDESTRIAN
15760028,5/13/17,2017,C - POSSIBLE INJURY,0,0,1,0,1,4 - PEDESTRIAN
15759847,5/15/17,2017,B - SUSPECTED MINOR INJURY,1,0,0,0,1,4 - PEDESTRIAN
15786709,5/18/17,2017,C - POSSIBLE INJURY,0,0,1,0,1,4 - PEDESTRIAN
15784565,5/19/17,2017,C - POSSIBLE INJURY,0,0,1,0,1,4 - PEDESTRIAN
15786704,5/19/17,2017,B - SUSPECTED MINOR INJURY,1,0,0,0,1,4 - PEDESTRIAN
15784827,5/20/17,2017,C - POSSIBLE INJURY,0,0,1,0,1,4 - PEDESTRIAN
15784543,5/21/17,2017,A - SUSPECTED SERIOUS INJURY,0,0,0,1,1,4 - PEDESTRIAN
15784629,5/27/17,2017,N - NOT INJURED,0,1,0,0,0,4 - PEDESTRIAN
15797294,6/2/17,2017,99 - UNKNOWN,0,0,0,0,0,4 - PEDESTRIAN
15799800,6/3/17,2017,B - SUSPECTED MINOR INJURY,1,0,0,0,1,4 - PEDESTRIAN
16208576,6/10/17,2017,K - FATAL INJURY,0,0,0,0,0,4 - PEDESTRIAN
16208577,6/10/17,2017,K - FATAL INJURY,0,0,0,0,0,4 - PEDESTRIAN
16208577,6/10/17,2017,K - FATAL INJURY,0,0,0,0,0,4 - PEDESTRIAN
16208577,6/10/17,2017,N - NOT INJURED,0,1,0,0,0,4 - PEDESTRIAN
15812066,6/11/17,2017,B - SUSPECTED MINOR INJURY,1,0,0,0,1,4 - PEDESTRIAN
15816604,6/13/17,2017,C - POSSIBLE INJURY,0,0,1,0,1,4 - PEDESTRIAN
15871664,6/15/17,2017,C - POSSIBLE INJURY,0,0,1,0,1,4 - PEDESTRIAN
15821411,6/19/17,2017,C - POSSIBLE INJURY,0,0,1,0,1,4 - PEDESTRIAN
15827826,6/19/17,2017,B - SUSPECTED MINOR INJURY,1,0,0,0,1,4 - PEDESTRIAN
15850721,6/24/17,2017,N - NOT INJURED,0,1,0,0,0,4 - PEDESTRIAN
15832066,6/26/17,2017,C - POSSIBLE INJURY,0,0,1,0,1,4 - PEDESTRIAN
15842859,6/30/17,2017,B - SUSPECTED MINOR INJURY,1,0,0,0,1,4 - PEDESTRIAN
15842875,6/30/17,2017,C - POSSIBLE INJURY,0,0,1,0,1,4 - PEDESTRIAN
15842864,7/1/17,2017,C - POSSIBLE INJURY,0,0,1,0,1,4 - PEDESTRIAN
15883848,7/4/17,2017,K - FATAL INJURY,0,0,0,0,0,4 - PEDESTRIAN
15850050,7/6/17,2017,C - POSSIBLE INJURY,0,0,1,0,1,4 - PEDESTRIAN
15868268,7/9/17,2017,B - SUSPECTED MINOR INJURY,1,0,0,0,1,4 - PEDESTRIAN
15861235,7/10/17,2017,C - POSSIBLE INJURY,0,0,1,0,1,4 - PEDESTRIAN
15871568,7/16/17,2017,C - POSSIBLE INJURY,0,0,1,0,1,4 - PEDESTRIAN
15891321,7/29/17,2017,C - POSSIBLE INJURY,0,0,1,0,1,4 - PEDESTRIAN
15900324,8/7/17,2017,N - NOT INJURED,0,1,0,0,0,4 - PEDESTRIAN
15925001,8/7/17,2017,C - POSSIBLE INJURY,0,0,1,0,1,4 - PEDESTRIAN
15938663,8/29/17,2017,N - NOT INJURED,0,1,0,0,0,4 - PEDESTRIAN
15947913,9/5/17,2017,N - NOT INJURED,0,1,0,0,0,4 - PEDESTRIAN
15952530,9/6/17,2017,C - POSSIBLE INJURY,0,0,1,0,1,4 - PEDESTRIAN
15955713,9/10/17,2017,A - SUSPECTED SERIOUS INJURY,0,0,0,1,1,4 - PEDESTRIAN
15965868,9/15/17,2017,C - POSSIBLE INJURY,0,0,1,0,1,4 - PEDESTRIAN
15978427,9/21/17,2017,C - POSSIBLE INJURY,0,0,1,0,1,4 - PEDESTRIAN
16017597,9/30/17,2017,A - SUSPECTED SERIOUS INJURY,0,0,0,1,1,4 - PEDESTRIAN
16017520,10/2/17,2017,C - POSSIBLE INJURY,0,0,1,0,1,4 - PEDESTRIAN
16002302,10/3/17,2017,C - POSSIBLE INJURY,0,0,1,0,1,4 - PEDESTRIAN
16002388,10/4/17,2017,C - POSSIBLE INJURY,0,0,1,0,1,4 - PEDESTRIAN
16017571,10/4/17,2017,B - SUSPECTED MINOR INJURY,1,0,0,0,1,4 - PEDESTRIAN
16017523,10/9/17,2017,C - POSSIBLE INJURY,0,0,1,0,1,4 - PEDESTRIAN
16017764,10/9/17,2017,C - POSSIBLE INJURY,0,0,1,0,1,4 - PEDESTRIAN
16021080,10/13/17,2017,A - SUSPECTED SERIOUS INJURY,0,0,0,1,1,4 - PEDESTRIAN
16044034,10/17/17,2017,A - SUSPECTED SERIOUS INJURY,0,0,0,1,1,4 - PEDESTRIAN
16028450,10/19/17,2017,B - SUSPECTED MINOR INJURY,1,0,0,0,1,4 - PEDESTRIAN
16029049,10/19/17,2017,C - POSSIBLE INJURY,0,0,1,0,1,4 - PEDESTRIAN
16037873,10/19/17,2017,C - POSSIBLE INJURY,0,0,1,0,1,4 - PEDESTRIAN
16034538,10/20/17,2017,A - SUSPECTED SERIOUS INJURY,0,0,0,1,1,4 - PEDESTRIAN
16036894,10/23/17,2017,C - POSSIBLE INJURY,0,0,1,0,1,4 - PEDESTRIAN
16036977,10/23/17,2017,C - POSSIBLE INJURY,0,0,1,0,1,4 - PEDESTRIAN
16044954,10/26/17,2017,C - POSSIBLE INJURY,0,0,1,0,1,4 - PEDESTRIAN
16058614,10/31/17,2017,B - SUSPECTED MINOR INJURY,1,0,0,0,1,4 - PEDESTRIAN
16056183,11/1/17,2017,B - SUSPECTED MINOR INJURY,1,0,0,0,1,4 - PEDESTRIAN
16063115,11/2/17,2017,A - SUSPECTED SERIOUS INJURY,0,0,0,1,1,4 - PEDESTRIAN
16078195,11/10/17,2017,C - POSSIBLE INJURY,0,0,1,0,1,4 - PEDESTRIAN
16080909,11/10/17,2017,A - SUSPECTED SERIOUS INJURY,0,0,0,1,1,4 - PEDESTRIAN
16081058,11/13/17,2017,A - SUSPECTED SERIOUS INJURY,0,0,0,1,1,4 - PEDESTRIAN
16093406,11/17/17,2017,B - SUSPECTED MINOR INJURY,1,0,0,0,1,4 - PEDESTRIAN
16098451,11/21/17,2017,99 - UNKNOWN,0,0,0,0,0,4 - PEDESTRIAN
16105870,11/22/17,2017,B - SUSPECTED MINOR INJURY,1,0,0,0,1,4 - PEDESTRIAN
16139674,11/27/17,2017,C - POSSIBLE INJURY,0,0,1,0,1,4 - PEDESTRIAN
16124308,11/28/17,2017,B - SUSPECTED MINOR INJURY,1,0,0,0,1,4 - PEDESTRIAN
16113226,11/29/17,2017,B - SUSPECTED MINOR INJURY,1,0,0,0,1,4 - PEDESTRIAN
16118993,12/1/17,2017,C - POSSIBLE INJURY,0,0,1,0,1,4 - PEDESTRIAN
16119211,12/1/17,2017,B - SUSPECTED MINOR INJURY,1,0,0,0,1,4 - PEDESTRIAN
16119211,12/1/17,2017,B - SUSPECTED MINOR INJURY,1,0,0,0,1,4 - PEDESTRIAN
16125220,12/6/17,2017,A - SUSPECTED SERIOUS INJURY,0,0,0,1,1,4 - PEDESTRIAN
16140364,12/10/17,2017,B - SUSPECTED MINOR INJURY,1,0,0,0,1,4 - PEDESTRIAN
16162699,12/24/17,2017,B - SUSPECTED MINOR INJURY,1,0,0,0,1,4 - PEDESTRIAN
16175371,12/25/17,2017,C - POSSIBLE INJURY,0,0,1,0,1,4 - PEDESTRIAN
16175371,12/25/17,2017,C - POSSIBLE INJURY,0,0,1,0,1,4 - PEDESTRIAN
16168754,12/27/17,2017,C - POSSIBLE INJURY,0,0,1,0,1,4 - PEDESTRIAN
16175205,12/29/17,2017,C - POSSIBLE INJURY,0,0,1,0,1,4 - PEDESTRIAN
16182582,12/29/17,2017,A - SUSPECTED SERIOUS INJURY,0,0,0,1,1,4 - PEDESTRIAN
16181894,1/4/18,2018,C - POSSIBLE INJURY,0,0,1,0,1,4 - PEDESTRIAN
16185643,1/7/18,2018,C - POSSIBLE INJURY,0,0,1,0,1,4 - PEDESTRIAN
16200422,1/13/18,2018,K - FATAL INJURY,0,0,0,0,0,4 - PEDESTRIAN
16198224,1/15/18,2018,N - NOT INJURED,0,1,0,0,0,4 - PEDESTRIAN
16205546,1/15/18,2018,C - POSSIBLE INJURY,0,0,1,0,1,4 - PEDESTRIAN
16202475,1/18/18,2018,B - SUSPECTED MINOR INJURY,1,0,0,0,1,4 - PEDESTRIAN
16205542,1/19/18,2018,C - POSSIBLE INJURY,0,0,1,0,1,4 - PEDESTRIAN
16205542,1/19/18,2018,N - NOT INJURED,0,1,0,0,0,4 - PEDESTRIAN
16216365,1/20/18,2018,A - SUSPECTED SERIOUS INJURY,0,0,0,1,1,4 - PEDESTRIAN
16220384,1/22/18,2018,B - SUSPECTED MINOR INJURY,1,0,0,0,1,4 - PEDESTRIAN
16219913,1/28/18,2018,C - POSSIBLE INJURY,0,0,1,0,1,4 - PEDESTRIAN
16222356,1/29/18,2018,C - POSSIBLE INJURY,0,0,1,0,1,4 - PEDESTRIAN
16237184,1/31/18,2018,A - SUSPECTED SERIOUS INJURY,0,0,0,1,1,4 - PEDESTRIAN
16235084,2/1/18,2018,N - NOT INJURED,0,1,0,0,0,4 - PEDESTRIAN
16248982,2/14/18,2018,C - POSSIBLE INJURY,0,0,1,0,1,4 - PEDESTRIAN
16252309,2/16/18,2018,B - SUSPECTED MINOR INJURY,1,0,0,0,1,4 - PEDESTRIAN
16286121,2/25/18,2018,B - SUSPECTED MINOR INJURY,1,0,0,0,1,4 - PEDESTRIAN
16283679,2/26/18,2018,B - SUSPECTED MINOR INJURY,1,0,0,0,1,4 - PEDESTRIAN
16293969,2/27/18,2018,K - FATAL INJURY,0,0,0,0,0,4 - PEDESTRIAN
16284389,2/28/18,2018,C - POSSIBLE INJURY,0,0,1,0,1,4 - PEDESTRIAN
16286396,2/28/18,2018,C - POSSIBLE INJURY,0,0,1,0,1,4 - PEDESTRIAN
16284358,3/5/18,2018,C - POSSIBLE INJURY,0,0,1,0,1,4 - PEDESTRIAN
16299699,3/11/18,2018,A - SUSPECTED SERIOUS INJURY,0,0,0,1,1,4 - PEDESTRIAN
16318160,3/15/18,2018,99 - UNKNOWN,0,0,0,0,0,4 - PEDESTRIAN
16305441,3/18/18,2018,B - SUSPECTED MINOR INJURY,1,0,0,0,1,4 - PEDESTRIAN
16318182,3/23/18,2018,N - NOT INJURED,0,1,0,0,0,4 - PEDESTRIAN
16317648,3/24/18,2018,C - POSSIBLE INJURY,0,0,1,0,1,4 - PEDESTRIAN
16330784,3/26/18,2018,99 - UNKNOWN,0,0,0,0,0,4 - PEDESTRIAN
16322939,3/28/18,2018,C - POSSIBLE INJURY,0,0,1,0,1,4 - PEDESTRIAN
16324760,3/28/18,2018,B - SUSPECTED MINOR INJURY,1,0,0,0,1,4 - PEDESTRIAN
16336481,4/4/18,2018,C - POSSIBLE INJURY,0,0,1,0,1,4 - PEDESTRIAN
16337370,4/4/18,2018,B - SUSPECTED MINOR INJURY,1,0,0,0,1,4 - PEDESTRIAN
16444962,4/4/18,2018,C - POSSIBLE INJURY,0,0,1,0,1,4 - PEDESTRIAN
16345799,4/9/18,2018,C - POSSIBLE INJURY,0,0,1,0,1,4 - PEDESTRIAN
16345799,4/9/18,2018,C - POSSIBLE INJURY,0,0,1,0,1,4 - PEDESTRIAN
16347057,4/10/18,2018,A - SUSPECTED SERIOUS INJURY,0,0,0,1,1,4 - PEDESTRIAN
16356290,4/14/18,2018,B - SUSPECTED MINOR INJURY,1,0,0,0,1,4 - PEDESTRIAN
16362632,4/18/18,2018,B - SUSPECTED MINOR INJURY,1,0,0,0,1,4 - PEDESTRIAN
16380615,4/22/18,2018,C - POSSIBLE INJURY,0,0,1,0,1,4 - PEDESTRIAN
16376604,4/26/18,2018,C - POSSIBLE INJURY,0,0,1,0,1,4 - PEDESTRIAN
16385070,5/1/18,2018,B - SUSPECTED MINOR INJURY,1,0,0,0,1,4 - PEDESTRIAN
16386824,5/1/18,2018,C - POSSIBLE INJURY,0,0,1,0,1,4 - PEDESTRIAN
16434058,5/3/18,2018,C - POSSIBLE INJURY,0,0,1,0,1,4 - PEDESTRIAN
16392795,5/5/18,2018,B - SUSPECTED MINOR INJURY,1,0,0,0,1,4 - PEDESTRIAN
16393639,5/5/18,2018,B - SUSPECTED MINOR INJURY,1,0,0,0,1,4 - PEDESTRIAN
16398091,5/8/18,2018,C - POSSIBLE INJURY,0,0,1,0,1,4 - PEDESTRIAN
16406756,5/12/18,2018,B - SUSPECTED MINOR INJURY,1,0,0,0,1,4 - PEDESTRIAN
16428313,5/21/18,2018,N - NOT INJURED,0,1,0,0,0,4 - PEDESTRIAN
16429100,5/21/18,2018,B - SUSPECTED MINOR INJURY,1,0,0,0,1,4 - PEDESTRIAN
16429100,5/21/18,2018,C - POSSIBLE INJURY,0,0,1,0,1,4 - PEDESTRIAN
16429094,5/22/18,2018,B - SUSPECTED MINOR INJURY,1,0,0,0,1,4 - PEDESTRIAN
16425720,5/24/18,2018,C - POSSIBLE INJURY,0,0,1,0,1,4 - PEDESTRIAN
16434070,5/24/18,2018,B - SUSPECTED MINOR INJURY,1,0,0,0,1,4 - PEDESTRIAN
16433149,5/28/18,2018,B - SUSPECTED MINOR INJURY,1,0,0,0,1,4 - PEDESTRIAN
16455897,6/3/18,2018,K - FATAL INJURY,0,0,0,0,0,4 - PEDESTRIAN
16459523,6/8/18,2018,B - SUSPECTED MINOR INJURY,1,0,0,0,1,4 - PEDESTRIAN
16464536,6/12/18,2018,B - SUSPECTED MINOR INJURY,1,0,0,0,1,4 - PEDESTRIAN
16466831,6/14/18,2018,C - POSSIBLE INJURY,0,0,1,0,1,4 - PEDESTRIAN
16472839,6/17/18,2018,B - SUSPECTED MINOR INJURY,1,0,0,0,1,4 - PEDESTRIAN
16484956,6/18/18,2018,C - POSSIBLE INJURY,0,0,1,0,1,4 - PEDESTRIAN
16477430,6/19/18,2018,B - SUSPECTED MINOR INJURY,1,0,0,0,1,4 - PEDESTRIAN
16479578,6/20/18,2018,99 - UNKNOWN,0,0,0,0,0,4 - PEDESTRIAN
16484892,6/23/18,2018,A - SUSPECTED SERIOUS INJURY,0,0,0,1,1,4 - PEDESTRIAN
16486274,6/25/18,2018,B - SUSPECTED MINOR INJURY,1,0,0,0,1,4 - PEDESTRIAN
16497277,6/28/18,2018,C - POSSIBLE INJURY,0,0,1,0,1,4 - PEDESTRIAN
16496913,6/30/18,2018,B - SUSPECTED MINOR INJURY,1,0,0,0,1,4 - PEDESTRIAN
16498279,7/2/18,2018,B - SUSPECTED MINOR INJURY,1,0,0,0,1,4 - PEDESTRIAN
16511026,7/5/18,2018,99 - UNKNOWN,0,0,0,0,0,4 - PEDESTRIAN
16511107,7/8/18,2018,C - POSSIBLE INJURY,0,0,1,0,1,4 - PEDESTRIAN
16548551,7/9/18,2018,A - SUSPECTED SERIOUS INJURY,0,0,0,1,1,4 - PEDESTRIAN
16852122,7/15/18,2018,99 - UNKNOWN,0,0,0,0,0,4 - PEDESTRIAN
16522321,7/17/18,2018,C - POSSIBLE INJURY,0,0,1,0,1,4 - PEDESTRIAN
16531530,7/19/18,2018,C - POSSIBLE INJURY,0,0,1,0,1,4 - PEDESTRIAN
16528430,7/20/18,2018,B - SUSPECTED MINOR INJURY,1,0,0,0,1,4 - PEDESTRIAN
16531426,7/22/18,2018,B - SUSPECTED MINOR INJURY,1,0,0,0,1,4 - PEDESTRIAN
16531515,7/22/18,2018,B - SUSPECTED MINOR INJURY,1,0,0,0,1,4 - PEDESTRIAN
16539344,7/26/18,2018,C - POSSIBLE INJURY,0,0,1,0,1,4 - PEDESTRIAN
16542803,7/26/18,2018,C - POSSIBLE INJURY,0,0,1,0,1,4 - PEDESTRIAN
16548552,8/2/18,2018,C - POSSIBLE INJURY,0,0,1,0,1,4 - PEDESTRIAN
16549899,8/2/18,2018,C - POSSIBLE INJURY,0,0,1,0,1,4 - PEDESTRIAN
16553955,8/3/18,2018,B - SUSPECTED MINOR INJURY,1,0,0,0,1,4 - PEDESTRIAN
16561226,8/8/18,2018,C - POSSIBLE INJURY,0,0,1,0,1,4 - PEDESTRIAN
16563187,8/9/18,2018,C - POSSIBLE INJURY,0,0,1,0,1,4 - PEDESTRIAN
16584526,8/16/18,2018,C - POSSIBLE INJURY,0,0,1,0,1,4 - PEDESTRIAN
16593496,8/23/18,2018,B - SUSPECTED MINOR INJURY,1,0,0,0,1,4 - PEDESTRIAN
16596096,8/28/18,2018,K - FATAL INJURY,0,0,0,0,0,4 - PEDESTRIAN
16597540,8/29/18,2018,99 - UNKNOWN,0,0,0,0,0,4 - PEDESTRIAN
16603814,8/30/18,2018,C - POSSIBLE INJURY,0,0,1,0,1,4 - PEDESTRIAN
16603832,8/30/18,2018,C - POSSIBLE INJURY,0,0,1,0,1,4 - PEDESTRIAN
16614455,9/6/18,2018,B - SUSPECTED MINOR INJURY,1,0,0,0,1,4 - PEDESTRIAN
16617416,9/9/18,2018,C - POSSIBLE INJURY,0,0,1,0,1,4 - PEDESTRIAN
16633830,9/20/18,2018,C - POSSIBLE INJURY,0,0,1,0,1,4 - PEDESTRIAN
16639756,9/22/18,2018,C - POSSIBLE INJURY,0,0,1,0,1,4 - PEDESTRIAN
16644938,9/25/18,2018,C - POSSIBLE INJURY,0,0,1,0,1,4 - PEDESTRIAN
16653118,9/28/18,2018,B - SUSPECTED MINOR INJURY,1,0,0,0,1,4 - PEDESTRIAN
16653118,9/28/18,2018,B - SUSPECTED MINOR INJURY,1,0,0,0,1,4 - PEDESTRIAN
16667926,10/3/18,2018,K - FATAL INJURY,0,0,0,0,0,4 - PEDESTRIAN
16660878,10/4/18,2018,B - SUSPECTED MINOR INJURY,1,0,0,0,1,4 - PEDESTRIAN
16667915,10/4/18,2018,B - SUSPECTED MINOR INJURY,1,0,0,0,1,4 - PEDESTRIAN
16671701,10/10/18,2018,C - POSSIBLE INJURY,0,0,1,0,1,4 - PEDESTRIAN
16674222,10/11/18,2018,C - POSSIBLE INJURY,0,0,1,0,1,4 - PEDESTRIAN
16674222,10/11/18,2018,C - POSSIBLE INJURY,0,0,1,0,1,4 - PEDESTRIAN
16681353,10/15/18,2018,C - POSSIBLE INJURY,0,0,1,0,1,4 - PEDESTRIAN
16686406,10/17/18,2018,B - SUSPECTED MINOR INJURY,1,0,0,0,1,4 - PEDESTRIAN
16688331,10/18/18,2018,C - POSSIBLE INJURY,0,0,1,0,1,4 - PEDESTRIAN
16692781,10/20/18,2018,B - SUSPECTED MINOR INJURY,1,0,0,0,1,4 - PEDESTRIAN
16692585,10/21/18,2018,A - SUSPECTED SERIOUS INJURY,0,0,0,1,1,4 - PEDESTRIAN
16693396,10/21/18,2018,K - FATAL INJURY,0,0,0,0,0,4 - PEDESTRIAN
16707446,10/26/18,2018,B - SUSPECTED MINOR INJURY,1,0,0,0,1,4 - PEDESTRIAN
16711491,10/31/18,2018,C - POSSIBLE INJURY,0,0,1,0,1,4 - PEDESTRIAN
16736732,11/10/18,2018,C - POSSIBLE INJURY,0,0,1,0,1,4 - PEDESTRIAN
16756409,11/15/18,2018,B - SUSPECTED MINOR INJURY,1,0,0,0,1,4 - PEDESTRIAN
16756409,11/15/18,2018,N - NOT INJURED,0,1,0,0,0,4 - PEDESTRIAN
16759132,11/16/18,2018,B - SUSPECTED MINOR INJURY,1,0,0,0,1,4 - PEDESTRIAN
16778376,11/17/18,2018,K - FATAL INJURY,0,0,0,0,0,4 - PEDESTRIAN
16756777,11/24/18,2018,B - SUSPECTED MINOR INJURY,1,0,0,0,1,4 - PEDESTRIAN
16777926,12/5/18,2018,99 - UNKNOWN,0,0,0,0,0,4 - PEDESTRIAN
16780095,12/6/18,2018,B - SUSPECTED MINOR INJURY,1,0,0,0,1,4 - PEDESTRIAN
16788066,12/10/18,2018,B - SUSPECTED MINOR INJURY,1,0,0,0,1,4 - PEDESTRIAN
16791864,12/11/18,2018,N - NOT INJURED,0,1,0,0,0,4 - PEDESTRIAN
16794080,12/12/18,2018,B - SUSPECTED MINOR INJURY,1,0,0,0,1,4 - PEDESTRIAN
16795139,12/13/18,2018,B - SUSPECTED MINOR INJURY,1,0,0,0,1,4 - PEDESTRIAN
16797927,12/14/18,2018,B - SUSPECTED MINOR INJURY,1,0,0,0,1,4 - PEDESTRIAN
16800966,12/14/18,2018,A - SUSPECTED SERIOUS INJURY,0,0,0,1,1,4 - PEDESTRIAN
16800966,12/14/18,2018,B - SUSPECTED MINOR INJURY,1,0,0,0,1,4 - PEDESTRIAN
16800966,12/14/18,2018,B - SUSPECTED MINOR INJURY,1,0,0,0,1,4 - PEDESTRIAN
16801000,12/15/18,2018,N - NOT INJURED,0,1,0,0,0,4 - PEDESTRIAN
16801000,12/15/18,2018,N - NOT INJURED,0,1,0,0,0,4 - PEDESTRIAN
16810066,12/16/18,2018,C - POSSIBLE INJURY,0,0,1,0,1,4 - PEDESTRIAN
16805639,12/19/18,2018,B - SUSPECTED MINOR INJURY,1,0,0,0,1,4 - PEDESTRIAN
16808130,12/19/18,2018,C - POSSIBLE INJURY,0,0,1,0,1,4 - PEDESTRIAN
16817549,12/23/18,2018,99 - UNKNOWN,0,0,0,0,0,4 - PEDESTRIAN
16823915,12/24/18,2018,A - SUSPECTED SERIOUS INJURY,0,0,0,1,1,4 - PEDESTRIAN
16817401,12/26/18,2018,A - SUSPECTED SERIOUS INJURY,0,0,0,1,1,4 - PEDESTRIAN
16829336,12/31/18,2018,A - SUSPECTED SERIOUS INJURY,0,0,0,1,1,4 - PEDESTRIAN
16837048,1/7/19,2019,B - SUSPECTED MINOR INJURY,1,0,0,0,1,4 - PEDESTRIAN
16842382,1/9/19,2019,B - SUSPECTED MINOR INJURY,1,0,0,0,1,4 - PEDESTRIAN
16853884,1/10/19,2019,C - POSSIBLE INJURY,0,0,1,0,1,4 - PEDESTRIAN
16852760,1/17/19,2019,N - NOT INJURED,0,1,0,0,0,4 - PEDESTRIAN
16859378,1/18/19,2019,A - SUSPECTED SERIOUS INJURY,0,0,0,1,1,4 - PEDESTRIAN
16861576,1/20/19,2019,C - POSSIBLE INJURY,0,0,1,0,1,4 - PEDESTRIAN
16861583,1/20/19,2019,C - POSSIBLE INJURY,0,0,1,0,1,4 - PEDESTRIAN
16868672,1/26/19,2019,C - POSSIBLE INJURY,0,0,1,0,1,4 - PEDESTRIAN
16876441,1/28/19,2019,A - SUSPECTED SERIOUS INJURY,0,0,0,1,1,4 - PEDESTRIAN
16874738,1/30/19,2019,N - NOT INJURED,0,1,0,0,0,4 - PEDESTRIAN
16933892,2/2/19,2019,C - POSSIBLE INJURY,0,0,1,0,1,4 - PEDESTRIAN
16896312,2/10/19,2019,B - SUSPECTED MINOR INJURY,1,0,0,0,1,4 - PEDESTRIAN
16907379,2/15/19,2019,B - SUSPECTED MINOR INJURY,1,0,0,0,1,4 - PEDESTRIAN
16909117,2/15/19,2019,A - SUSPECTED SERIOUS INJURY,0,0,0,1,1,4 - PEDESTRIAN
16909132,2/15/19,2019,C - POSSIBLE INJURY,0,0,1,0,1,4 - PEDESTRIAN
16907094,2/16/19,2019,B - SUSPECTED MINOR INJURY,1,0,0,0,1,4 - PEDESTRIAN
16907479,2/17/19,2019,C - POSSIBLE INJURY,0,0,1,0,1,4 - PEDESTRIAN
16921885,2/20/19,2019,B - SUSPECTED MINOR INJURY,1,0,0,0,1,4 - PEDESTRIAN
16921659,2/22/19,2019,C - POSSIBLE INJURY,0,0,1,0,1,4 - PEDESTRIAN
16921901,2/23/19,2019,C - POSSIBLE INJURY,0,0,1,0,1,4 - PEDESTRIAN
16934146,3/5/19,2019,B - SUSPECTED MINOR INJURY,1,0,0,0,1,4 - PEDESTRIAN
16938142,3/7/19,2019,N - NOT INJURED,0,1,0,0,0,4 - PEDESTRIAN
16941866,3/8/19,2019,N - NOT INJURED,0,1,0,0,0,4 - PEDESTRIAN
16943937,3/11/19,2019,C - POSSIBLE INJURY,0,0,1,0,1,4 - PEDESTRIAN
16958365,3/12/19,2019,B - SUSPECTED MINOR INJURY,1,0,0,0,1,4 - PEDESTRIAN
16953976,3/15/19,2019,C - POSSIBLE INJURY,0,0,1,0,1,4 - PEDESTRIAN
16953983,3/16/19,2019,N - NOT INJURED,0,1,0,0,0,4 - PEDESTRIAN
16953986,3/16/19,2019,A - SUSPECTED SERIOUS INJURY,0,0,0,1,1,4 - PEDESTRIAN
16966190,3/22/19,2019,C - POSSIBLE INJURY,0,0,1,0,1,4 - PEDESTRIAN
16969202,3/23/19,2019,N - NOT INJURED,0,1,0,0,0,4 - PEDESTRIAN
16968574,3/26/19,2019,B - SUSPECTED MINOR INJURY,1,0,0,0,1,4 - PEDESTRIAN
16987591,3/29/19,2019,B - SUSPECTED MINOR INJURY,1,0,0,0,1,4 - PEDESTRIAN
16984256,3/31/19,2019,C - POSSIBLE INJURY,0,0,1,0,1,4 - PEDESTRIAN
16985988,4/2/19,2019,A - SUSPECTED SERIOUS INJURY,0,0,0,1,1,4 - PEDESTRIAN
16991917,4/3/19,2019,B - SUSPECTED MINOR INJURY,1,0,0,0,1,4 - PEDESTRIAN
16998015,4/5/19,2019,B - SUSPECTED MINOR INJURY,1,0,0,0,1,4 - PEDESTRIAN
16998774,4/7/19,2019,B - SUSPECTED MINOR INJURY,1,0,0,0,1,4 - PEDESTRIAN
17004577,4/9/19,2019,C - POSSIBLE INJURY,0,0,1,0,1,4 - PEDESTRIAN
17027026,4/12/19,2019,N - NOT INJURED,0,1,0,0,0,4 - PEDESTRIAN
17027081,4/12/19,2019,C - POSSIBLE INJURY,0,0,1,0,1,4 - PEDESTRIAN
17027282,4/15/19,2019,C - POSSIBLE INJURY,0,0,1,0,1,4 - PEDESTRIAN
17027186,4/17/19,2019,B - SUSPECTED MINOR INJURY,1,0,0,0,1,4 - PEDESTRIAN
17027655,4/17/19,2019,C - POSSIBLE INJURY,0,0,1,0,1,4 - PEDESTRIAN
17027231,4/21/19,2019,B - SUSPECTED MINOR INJURY,1,0,0,0,1,4 - PEDESTRIAN
17031554,4/24/19,2019,C - POSSIBLE INJURY,0,0,1,0,1,4 - PEDESTRIAN
17032375,4/24/19,2019,N - NOT INJURED,0,1,0,0,0,4 - PEDESTRIAN
17038576,4/27/19,2019,C - POSSIBLE INJURY,0,0,1,0,1,4 - PEDESTRIAN
17042924,4/30/19,2019,B - SUSPECTED MINOR INJURY,1,0,0,0,1,4 - PEDESTRIAN
17051583,5/5/19,2019,C - POSSIBLE INJURY,0,0,1,0,1,4 - PEDESTRIAN
17051995,5/5/19,2019,B - SUSPECTED MINOR INJURY,1,0,0,0,1,4 - PEDESTRIAN
17061079,5/9/19,2019,B - SUSPECTED MINOR INJURY,1,0,0,0,1,4 - PEDESTRIAN
17072440,5/11/19,2019,B - SUSPECTED MINOR INJURY,1,0,0,0,1,4 - PEDESTRIAN
17071743,5/14/19,2019,C - POSSIBLE INJURY,0,0,1,0,1,4 - PEDESTRIAN
17076682,5/16/19,2019,C - POSSIBLE INJURY,0,0,1,0,1,4 - PEDESTRIAN
17077097,5/18/19,2019,N - NOT INJURED,0,1,0,0,0,4 - PEDESTRIAN
17098575,5/27/19,2019,C - POSSIBLE INJURY,0,0,1,0,1,4 - PEDESTRIAN
17113617,6/1/19,2019,C - POSSIBLE INJURY,0,0,1,0,1,4 - PEDESTRIAN
17106853,6/4/19,2019,C - POSSIBLE INJURY,0,0,1,0,1,4 - PEDESTRIAN
17120648,6/5/19,2019,B - SUSPECTED MINOR INJURY,1,0,0,0,1,4 - PEDESTRIAN
17132299,6/10/19,2019,B - SUSPECTED MINOR INJURY,1,0,0,0,1,4 - PEDESTRIAN
17121864,6/11/19,2019,B - SUSPECTED MINOR INJURY,1,0,0,0,1,4 - PEDESTRIAN
17135900,6/18/19,2019,C - POSSIBLE INJURY,0,0,1,0,1,4 - PEDESTRIAN
17144227,6/22/19,2019,C - POSSIBLE INJURY,0,0,1,0,1,4 - PEDESTRIAN
17152928,6/24/19,2019,N - NOT INJURED,0,1,0,0,0,4 - PEDESTRIAN
17156566,6/29/19,2019,C - POSSIBLE INJURY,0,0,1,0,1,4 - PEDESTRIAN
17168338,7/5/19,2019,B - SUSPECTED MINOR INJURY,1,0,0,0,1,4 - PEDESTRIAN
17170435,7/8/19,2019,C - POSSIBLE INJURY,0,0,1,0,1,4 - PEDESTRIAN
17179435,7/12/19,2019,B - SUSPECTED MINOR INJURY,1,0,0,0,1,4 - PEDESTRIAN
17179790,7/14/19,2019,B - SUSPECTED MINOR INJURY,1,0,0,0,1,4 - PEDESTRIAN
17186103,7/17/19,2019,C - POSSIBLE INJURY,0,0,1,0,1,4 - PEDESTRIAN
17187825,7/17/19,2019,N - NOT INJURED,0,1,0,0,0,4 - PEDESTRIAN
17197420,7/19/19,2019,A - SUSPECTED SERIOUS INJURY,0,0,0,1,1,4 - PEDESTRIAN
17205783,7/29/19,2019,B - SUSPECTED MINOR INJURY,1,0,0,0,1,4 - PEDESTRIAN
17220892,8/6/19,2019,B - SUSPECTED MINOR INJURY,1,0,0,0,1,4 - PEDESTRIAN
17226391,8/8/19,2019,B - SUSPECTED MINOR INJURY,1,0,0,0,1,4 - PEDESTRIAN
17247617,8/20/19,2019,C - POSSIBLE INJURY,0,0,1,0,1,4 - PEDESTRIAN
17247647,8/22/19,2019,B - SUSPECTED MINOR INJURY,1,0,0,0,1,4 - PEDESTRIAN
17265157,8/28/19,2019,B - SUSPECTED MINOR INJURY,1,0,0,0,1,4 - PEDESTRIAN
17268066,8/30/19,2019,C - POSSIBLE INJURY,0,0,1,0,1,4 - PEDESTRIAN
17269817,9/3/19,2019,C - POSSIBLE INJURY,0,0,1,0,1,4 - PEDESTRIAN
17272821,9/6/19,2019,B - SUSPECTED MINOR INJURY,1,0,0,0,1,4 - PEDESTRIAN
17277320,9/6/19,2019,B - SUSPECTED MINOR INJURY,1,0,0,0,1,4 - PEDESTRIAN
17283628,9/10/19,2019,B - SUSPECTED MINOR INJURY,1,0,0,0,1,4 - PEDESTRIAN
17304904,9/20/19,2019,N - NOT INJURED,0,1,0,0,0,4 - PEDESTRIAN
17320668,9/23/19,2019,99 - UNKNOWN,0,0,0,0,0,4 - PEDESTRIAN
17307026,9/24/19,2019,B - SUSPECTED MINOR INJURY,1,0,0,0,1,4 - PEDESTRIAN
17311379,9/26/19,2019,N - NOT INJURED,0,1,0,0,0,4 - PEDESTRIAN
17329098,10/4/19,2019,C - POSSIBLE INJURY,0,0,1,0,1,4 - PEDESTRIAN
17337842,10/7/19,2019,B - SUSPECTED MINOR INJURY,1,0,0,0,1,4 - PEDESTRIAN
17337882,10/7/19,2019,A - SUSPECTED SERIOUS INJURY,0,0,0,1,1,4 - PEDESTRIAN
17346649,10/15/19,2019,99 - UNKNOWN,0,0,0,0,0,4 - PEDESTRIAN
17369823,10/18/19,2019,B - SUSPECTED MINOR INJURY,1,0,0,0,1,4 - PEDESTRIAN
17355478,10/21/19,2019,C - POSSIBLE INJURY,0,0,1,0,1,4 - PEDESTRIAN
17361170,10/23/19,2019,B - SUSPECTED MINOR INJURY,1,0,0,0,1,4 - PEDESTRIAN
17369192,10/25/19,2019,C - POSSIBLE INJURY,0,0,1,0,1,4 - PEDESTRIAN
17371955,10/27/19,2019,B - SUSPECTED MINOR INJURY,1,0,0,0,1,4 - PEDESTRIAN
17371120,10/28/19,2019,C - POSSIBLE INJURY,0,0,1,0,1,4 - PEDESTRIAN
17377006,10/29/19,2019,A - SUSPECTED SERIOUS INJURY,0,0,0,1,1,4 - PEDESTRIAN
17377016,10/31/19,2019,B - SUSPECTED MINOR INJURY,1,0,0,0,1,4 - PEDESTRIAN
17382247,10/31/19,2019,C - POSSIBLE INJURY,0,0,1,0,1,4 - PEDESTRIAN
17385518,11/5/19,2019,A - SUSPECTED SERIOUS INJURY,0,0,0,1,1,4 - PEDESTRIAN
17397682,11/8/19,2019,B - SUSPECTED MINOR INJURY,1,0,0,0,1,4 - PEDESTRIAN
17397172,11/9/19,2019,C - POSSIBLE INJURY,0,0,1,0,1,4 - PEDESTRIAN
17398122,11/11/19,2019,B - SUSPECTED MINOR INJURY,1,0,0,0,1,4 - PEDESTRIAN
17409275,11/16/19,2019,C - POSSIBLE INJURY,0,0,1,0,1,4 - PEDESTRIAN
17415704,11/21/19,2019,B - SUSPECTED MINOR INJURY,1,0,0,0,1,4 - PEDESTRIAN
17417702,11/21/19,2019,C - POSSIBLE INJURY,0,0,1,0,1,4 - PEDESTRIAN
17417812,11/21/19,2019,N - NOT INJURED,0,1,0,0,0,4 - PEDESTRIAN
17417819,11/21/19,2019,A - SUSPECTED SERIOUS INJURY,0,0,0,1,1,4 - PEDESTRIAN
17418474,11/21/19,2019,C - POSSIBLE INJURY,0,0,1,0,1,4 - PEDESTRIAN
17446888,11/21/19,2019,K - FATAL INJURY,0,0,0,0,0,4 - PEDESTRIAN
17436381,12/2/19,2019,C - POSSIBLE INJURY,0,0,1,0,1,4 - PEDESTRIAN
17447957,12/5/19,2019,A - SUSPECTED SERIOUS INJURY,0,0,0,1,1,4 - PEDESTRIAN
17450100,12/8/19,2019,K - FATAL INJURY,0,0,0,0,0,4 - PEDESTRIAN
17449296,12/9/19,2019,B - SUSPECTED MINOR INJURY,1,0,0,0,1,4 - PEDESTRIAN
17463397,12/16/19,2019,B - SUSPECTED MINOR INJURY,1,0,0,0,1,4 - PEDESTRIAN
17480857,12/23/19,2019,C - POSSIBLE INJURY,0,0,1,0,1,4 - PEDESTRIAN
17481274,12/24/19,2019,C - POSSIBLE INJURY,0,0,1,0,1,4 - PEDESTRIAN
17500017,1/6/20,2020,C - POSSIBLE INJURY,0,0,1,0,1,4 - PEDESTRIAN
17503880,1/8/20,2020,C - POSSIBLE INJURY,0,0,1,0,1,4 - PEDESTRIAN
17512203,1/13/20,2020,C - POSSIBLE INJURY,0,0,1,0,1,4 - PEDESTRIAN
17523713,1/16/20,2020,B - SUSPECTED MINOR INJURY,1,0,0,0,1,4 - PEDESTRIAN
17529178,1/18/20,2020,A - SUSPECTED SERIOUS INJURY,0,0,0,1,1,4 - PEDESTRIAN
17539061,1/24/20,2020,C - POSSIBLE INJURY,0,0,1,0,1,4 - PEDESTRIAN
17542847,1/30/20,2020,C - POSSIBLE INJURY,0,0,1,0,1,4 - PEDESTRIAN
17548685,2/3/20,2020,B - SUSPECTED MINOR INJURY,1,0,0,0,1,4 - PEDESTRIAN
17558873,2/7/20,2020,B - SUSPECTED MINOR INJURY,1,0,0,0,1,4 - PEDESTRIAN
17561274,2/10/20,2020,A - SUSPECTED SERIOUS INJURY,0,0,0,1,1,4 - PEDESTRIAN
17566014,2/11/20,2020,N - NOT INJURED,0,1,0,0,0,4 - PEDESTRIAN
17566518,2/13/20,2020,B - SUSPECTED MINOR INJURY,1,0,0,0,1,4 - PEDESTRIAN
17567365,2/13/20,2020,B - SUSPECTED MINOR INJURY,1,0,0,0,1,4 - PEDESTRIAN
17574166,2/17/20,2020,B - SUSPECTED MINOR INJURY,1,0,0,0,1,4 - PEDESTRIAN
17574453,2/17/20,2020,C - POSSIBLE INJURY,0,0,1,0,1,4 - PEDESTRIAN
17574453,2/17/20,2020,N - NOT INJURED,0,1,0,0,0,4 - PEDESTRIAN
17584904,2/21/20,2020,B - SUSPECTED MINOR INJURY,1,0,0,0,1,4 - PEDESTRIAN
17584968,2/22/20,2020,B - SUSPECTED MINOR INJURY,1,0,0,0,1,4 - PEDESTRIAN
17584968,2/22/20,2020,B - SUSPECTED MINOR INJURY,1,0,0,0,1,4 - PEDESTRIAN
17597056,3/1/20,2020,C - POSSIBLE INJURY,0,0,1,0,1,4 - PEDESTRIAN
17605727,3/1/20,2020,C - POSSIBLE INJURY,0,0,1,0,1,4 - PEDESTRIAN
17610415,3/6/20,2020,A - SUSPECTED SERIOUS INJURY,0,0,0,1,1,4 - PEDESTRIAN
17610420,3/7/20,2020,B - SUSPECTED MINOR INJURY,1,0,0,0,1,4 - PEDESTRIAN
17612016,3/7/20,2020,A - SUSPECTED SERIOUS INJURY,0,0,0,1,1,4 - PEDESTRIAN
17610725,3/8/20,2020,B - SUSPECTED MINOR INJURY,1,0,0,0,1,4 - PEDESTRIAN
17628661,3/18/20,2020,A - SUSPECTED SERIOUS INJURY,0,0,0,1,1,4 - PEDESTRIAN
17665092,4/23/20,2020,B - SUSPECTED MINOR INJURY,1,0,0,0,1,4 - PEDESTRIAN
17677397,4/28/20,2020,N - NOT INJURED,0,1,0,0,0,4 - PEDESTRIAN
17678459,5/4/20,2020,B - SUSPECTED MINOR INJURY,1,0,0,0,1,4 - PEDESTRIAN
17688454,5/4/20,2020,C - POSSIBLE INJURY,0,0,1,0,1,4 - PEDESTRIAN
17721474,5/15/20,2020,C - POSSIBLE INJURY,0,0,1,0,1,4 - PEDESTRIAN
17721474,5/15/20,2020,C - POSSIBLE INJURY,0,0,1,0,1,4 - PEDESTRIAN
17721474,5/15/20,2020,C - POSSIBLE INJURY,0,0,1,0,1,4 - PEDESTRIAN
17721481,5/15/20,2020,B - SUSPECTED MINOR INJURY,1,0,0,0,1,4 - PEDESTRIAN
17721633,5/25/20,2020,B - SUSPECTED MINOR INJURY,1,0,0,0,1,4 - PEDESTRIAN
17721720,6/2/20,2020,C - POSSIBLE INJURY,0,0,1,0,1,4 - PEDESTRIAN
17721768,6/3/20,2020,B - SUSPECTED MINOR INJURY,1,0,0,0,1,4 - PEDESTRIAN
17721888,6/8/20,2020,B - SUSPECTED MINOR INJURY,1,0,0,0,1,4 - PEDESTRIAN
17721937,6/10/20,2020,B - SUSPECTED MINOR INJURY,1,0,0,0,1,4 - PEDESTRIAN
17723539,6/11/20,2020,C - POSSIBLE INJURY,0,0,1,0,1,4 - PEDESTRIAN
17727433,6/13/20,2020,B - SUSPECTED MINOR INJURY,1,0,0,0,1,4 - PEDESTRIAN
17738679,6/19/20,2020,C - POSSIBLE INJURY,0,0,1,0,1,4 - PEDESTRIAN
17742352,6/19/20,2020,B - SUSPECTED MINOR INJURY,1,0,0,0,1,4 - PEDESTRIAN
17742356,6/19/20,2020,A - SUSPECTED SERIOUS INJURY,0,0,0,1,1,4 - PEDESTRIAN
17749212,6/25/20,2020,C - POSSIBLE INJURY,0,0,1,0,1,4 - PEDESTRIAN
17770109,7/6/20,2020,B - SUSPECTED MINOR INJURY,1,0,0,0,1,4 - PEDESTRIAN
17769619,7/13/20,2020,C - POSSIBLE INJURY,0,0,1,0,1,4 - PEDESTRIAN
17778217,7/20/20,2020,N - NOT INJURED,0,1,0,0,0,4 - PEDESTRIAN
17787547,7/20/20,2020,C - POSSIBLE INJURY,0,0,1,0,1,4 - PEDESTRIAN
17782714,7/21/20,2020,N - NOT INJURED,0,1,0,0,0,4 - PEDESTRIAN
17791473,7/28/20,2020,C - POSSIBLE INJURY,0,0,1,0,1,4 - PEDESTRIAN
17802703,8/5/20,2020,N - NOT INJURED,0,1,0,0,0,4 - PEDESTRIAN
17807367,8/7/20,2020,C - POSSIBLE INJURY,0,0,1,0,1,4 - PEDESTRIAN
17828989,8/21/20,2020,N - NOT INJURED,0,1,0,0,0,4 - PEDESTRIAN
17835535,8/24/20,2020,K - FATAL INJURY,0,0,0,0,0,4 - PEDESTRIAN
17846725,9/2/20,2020,B - SUSPECTED MINOR INJURY,1,0,0,0,1,4 - PEDESTRIAN
17851087,9/4/20,2020,B - SUSPECTED MINOR INJURY,1,0,0,0,1,4 - PEDESTRIAN
17851191,9/5/20,2020,B - SUSPECTED MINOR INJURY,1,0,0,0,1,4 - PEDESTRIAN
17855093,9/9/20,2020,C - POSSIBLE INJURY,0,0,1,0,1,4 - PEDESTRIAN
17875180,9/19/20,2020,B - SUSPECTED MINOR INJURY,1,0,0,0,1,4 - PEDESTRIAN
17882931,9/25/20,2020,C - POSSIBLE INJURY,0,0,1,0,1,4 - PEDESTRIAN
17888692,9/29/20,2020,B - SUSPECTED MINOR INJURY,1,0,0,0,1,4 - PEDESTRIAN
17911145,10/14/20,2020,N - NOT INJURED,0,1,0,0,0,4 - PEDESTRIAN
17934997,10/17/20,2020,B - SUSPECTED MINOR INJURY,1,0,0,0,1,4 - PEDESTRIAN
17918770,10/19/20,2020,C - POSSIBLE INJURY,0,0,1,0,1,4 - PEDESTRIAN
17929021,10/25/20,2020,C - POSSIBLE INJURY,0,0,1,0,1,4 - PEDESTRIAN
17943358,11/1/20,2020,B - SUSPECTED MINOR INJURY,1,0,0,0,1,4 - PEDESTRIAN
17945335,11/3/20,2020,C - POSSIBLE INJURY,0,0,1,0,1,4 - PEDESTRIAN
17960086,11/3/20,2020,B - SUSPECTED MINOR INJURY,1,0,0,0,1,4 - PEDESTRIAN
17949217,11/4/20,2020,B - SUSPECTED MINOR INJURY,1,0,0,0,1,4 - PEDESTRIAN
17952752,11/4/20,2020,N - NOT INJURED,0,1,0,0,0,4 - PEDESTRIAN
17952753,11/5/20,2020,B - SUSPECTED MINOR INJURY,1,0,0,0,1,4 - PEDESTRIAN
17952753,11/5/20,2020,B - SUSPECTED MINOR INJURY,1,0,0,0,1,4 - PEDESTRIAN
17969889,11/18/20,2020,B - SUSPECTED MINOR INJURY,1,0,0,0,1,4 - PEDESTRIAN
17976441,11/21/20,2020,C - POSSIBLE INJURY,0,0,1,0,1,4 - PEDESTRIAN
17979791,11/23/20,2020,K - FATAL INJURY,0,0,0,0,0,4 - PEDESTRIAN
17994087,12/2/20,2020,C - POSSIBLE INJURY,0,0,1,0,1,4 - PEDESTRIAN
17994088,12/2/20,2020,A - SUSPECTED SERIOUS INJURY,0,0,0,1,1,4 - PEDESTRIAN
18004157,12/8/20,2020,A - SUSPECTED SERIOUS INJURY,0,0,0,1,1,4 - PEDESTRIAN
18013062,12/10/20,2020,C - POSSIBLE INJURY,0,0,1,0,1,4 - PEDESTRIAN
18013064,12/10/20,2020,B - SUSPECTED MINOR INJURY,1,0,0,0,1,4 - PEDESTRIAN
18024402,12/17/20,2020,C - POSSIBLE INJURY,0,0,1,0,1,4 - PEDESTRIAN
18024668,12/17/20,2020,A - SUSPECTED SERIOUS INJURY,0,0,0,1,1,4 - PEDESTRIAN
18024668,12/17/20,2020,A - SUSPECTED SERIOUS INJURY,0,0,0,1,1,4 - PEDESTRIAN
18032749,12/20/20,2020,C - POSSIBLE INJURY,0,0,1,0,1,4 - PEDESTRIAN
18023987,12/21/20,2020,C - POSSIBLE INJURY,0,0,1,0,1,4 - PEDESTRIAN
18032439,12/23/20,2020,B - SUSPECTED MINOR INJURY,1,0,0,0,1,4 - PEDESTRIAN
18032786,12/23/20,2020,A - SUSPECTED SERIOUS INJURY,0,0,0,1,1,4 - PEDESTRIAN
18033909,12/28/20,2020,B - SUSPECTED MINOR INJURY,1,0,0,0,1,4 - PEDESTRIAN
18042876,12/28/20,2020,C - POSSIBLE INJURY,0,0,1,0,1,4 - PEDESTRIAN
18036491,12/30/20,2020,B - SUSPECTED MINOR INJURY,1,0,0,0,1,4 - PEDESTRIAN
18056119,1/11/21,2021,C - POSSIBLE INJURY,0,0,1,0,1,4 - PEDESTRIAN
18076475,1/24/21,2021,N - NOT INJURED,0,1,0,0,0,4 - PEDESTRIAN
18081371,1/27/21,2021,C - POSSIBLE INJURY,0,0,1,0,1,4 - PEDESTRIAN
18092599,1/27/21,2021,B - SUSPECTED MINOR INJURY,1,0,0,0,1,4 - PEDESTRIAN
18100765,2/9/21,2021,A - SUSPECTED SERIOUS INJURY,0,0,0,1,1,4 - PEDESTRIAN
18109432,2/10/21,2021,B - SUSPECTED MINOR INJURY,1,0,0,0,1,4 - PEDESTRIAN
18111476,2/16/21,2021,N - NOT INJURED,0,1,0,0,0,4 - PEDESTRIAN
18113902,2/17/21,2021,A - SUSPECTED SERIOUS INJURY,0,0,0,1,1,4 - PEDESTRIAN
18118227,2/20/21,2021,N - NOT INJURED,0,1,0,0,0,4 - PEDESTRIAN
18122789,2/24/21,2021,B - SUSPECTED MINOR INJURY,1,0,0,0,1,4 - PEDESTRIAN
18122789,2/24/21,2021,B - SUSPECTED MINOR INJURY,1,0,0,0,1,4 - PEDESTRIAN
18128395,2/28/21,2021,N - NOT INJURED,0,1,0,0,0,4 - PEDESTRIAN
18128395,2/28/21,2021,N - NOT INJURED,0,1,0,0,0,4 - PEDESTRIAN
18128318,3/1/21,2021,B - SUSPECTED MINOR INJURY,1,0,0,0,1,4 - PEDESTRIAN
18131897,3/3/21,2021,B - SUSPECTED MINOR INJURY,1,0,0,0,1,4 - PEDESTRIAN
18149772,3/13/21,2021,A - SUSPECTED SERIOUS INJURY,0,0,0,1,1,4 - PEDESTRIAN
18158938,3/19/21,2021,B - SUSPECTED MINOR INJURY,1,0,0,0,1,4 - PEDESTRIAN
18176784,3/26/21,2021,C - POSSIBLE INJURY,0,0,1,0,1,4 - PEDESTRIAN
18186672,3/31/21,2021,C - POSSIBLE INJURY,0,0,1,0,1,4 - PEDESTRIAN
18186883,4/2/21,2021,A - SUSPECTED SERIOUS INJURY,0,0,0,1,1,4 - PEDESTRIAN
18186426,4/3/21,2021,N - NOT INJURED,0,1,0,0,0,4 - PEDESTRIAN
18186888,4/5/21,2021,B - SUSPECTED MINOR INJURY,1,0,0,0,1,4 - PEDESTRIAN
18186889,4/5/21,2021,B - SUSPECTED MINOR INJURY,1,0,0,0,1,4 - PEDESTRIAN
18190762,4/7/21,2021,C - POSSIBLE INJURY,0,0,1,0,1,4 - PEDESTRIAN
18196794,4/10/21,2021,N - NOT INJURED,0,1,0,0,0,4 - PEDESTRIAN
18199640,4/11/21,2021,C - POSSIBLE INJURY,0,0,1,0,1,4 - PEDESTRIAN
18200754,4/13/21,2021,K - FATAL INJURY,0,0,0,0,0,4 - PEDESTRIAN
18212000,4/17/21,2021,B - SUSPECTED MINOR INJURY,1,0,0,0,1,4 - PEDESTRIAN
18224216,4/25/21,2021,B - SUSPECTED MINOR INJURY,1,0,0,0,1,4 - PEDESTRIAN
18228004,4/28/21,2021,B - SUSPECTED MINOR INJURY,1,0,0,0,1,4 - PEDESTRIAN
18228155,4/28/21,2021,99 - UNKNOWN,0,0,0,0,0,4 - PEDESTRIAN
18260927,5/7/21,2021,A - SUSPECTED SERIOUS INJURY,0,0,0,1,1,4 - PEDESTRIAN
18251628,5/9/21,2021,B - SUSPECTED MINOR INJURY,1,0,0,0,1,4 - PEDESTRIAN
18259826,5/14/21,2021,B - SUSPECTED MINOR INJURY,1,0,0,0,1,4 - PEDESTRIAN
18272903,5/14/21,2021,C - POSSIBLE INJURY,0,0,1,0,1,4 - PEDESTRIAN
18261639,5/16/21,2021,N - NOT INJURED,0,1,0,0,0,4 - PEDESTRIAN
18296808,5/16/21,2021,B - SUSPECTED MINOR INJURY,1,0,0,0,1,4 - PEDESTRIAN
18274374,5/21/21,2021,N - NOT INJURED,0,1,0,0,0,4 - PEDESTRIAN
18289531,5/29/21,2021,N - NOT INJURED,0,1,0,0,0,4 - PEDESTRIAN
18288793,5/31/21,2021,C - POSSIBLE INJURY,0,0,1,0,1,4 - PEDESTRIAN
18290636,6/2/21,2021,B - SUSPECTED MINOR INJURY,1,0,0,0,1,4 - PEDESTRIAN
18303923,6/11/21,2021,C - POSSIBLE INJURY,0,0,1,0,1,4 - PEDESTRIAN
18328129,6/24/21,2021,C - POSSIBLE INJURY,0,0,1,0,1,4 - PEDESTRIAN
18329914,6/24/21,2021,B - SUSPECTED MINOR INJURY,1,0,0,0,1,4 - PEDESTRIAN
18334932,6/25/21,2021,N - NOT INJURED,0,1,0,0,0,4 - PEDESTRIAN
18337422,6/25/21,2021,B - SUSPECTED MINOR INJURY,1,0,0,0,1,4 - PEDESTRIAN
18350894,6/25/21,2021,A - SUSPECTED SERIOUS INJURY,0,0,0,1,1,4 - PEDESTRIAN
18334743,6/26/21,2021,B - SUSPECTED MINOR INJURY,1,0,0,0,1,4 - PEDESTRIAN
18334920,6/26/21,2021,C - POSSIBLE INJURY,0,0,1,0,1,4 - PEDESTRIAN
18336483,6/26/21,2021,C - POSSIBLE INJURY,0,0,1,0,1,4 - PEDESTRIAN
18336483,6/26/21,2021,C - POSSIBLE INJURY,0,0,1,0,1,4 - PEDESTRIAN
18334853,6/27/21,2021,B - SUSPECTED MINOR INJURY,1,0,0,0,1,4 - PEDESTRIAN
18336479,6/28/21,2021,B - SUSPECTED MINOR INJURY,1,0,0,0,1,4 - PEDESTRIAN
18340938,6/30/21,2021,C - POSSIBLE INJURY,0,0,1,0,1,4 - PEDESTRIAN
18351556,7/4/21,2021,B - SUSPECTED MINOR INJURY,1,0,0,0,1,4 - PEDESTRIAN
18351805,7/5/21,2021,N - NOT INJURED,0,1,0,0,0,4 - PEDESTRIAN
18355372,7/9/21,2021,B - SUSPECTED MINOR INJURY,1,0,0,0,1,4 - PEDESTRIAN
18364053,7/9/21,2021,A - SUSPECTED SERIOUS INJURY,0,0,0,1,1,4 - PEDESTRIAN
18376435,7/14/21,2021,C - POSSIBLE INJURY,0,0,1,0,1,4 - PEDESTRIAN
18376561,7/17/21,2021,99 - UNKNOWN,0,0,0,0,0,4 - PEDESTRIAN
18376506,7/20/21,2021,A - SUSPECTED SERIOUS INJURY,0,0,0,1,1,4 - PEDESTRIAN
18396694,7/30/21,2021,C - POSSIBLE INJURY,0,0,1,0,1,4 - PEDESTRIAN
18420894,7/30/21,2021,K - FATAL INJURY,0,0,0,0,0,4 - PEDESTRIAN
18434383,8/15/21,2021,A - SUSPECTED SERIOUS INJURY,0,0,0,1,1,4 - PEDESTRIAN
18471227,8/18/21,2021,N - NOT INJURED,0,1,0,0,0,4 - PEDESTRIAN
18434345,8/19/21,2021,A - SUSPECTED SERIOUS INJURY,0,0,0,1,1,4 - PEDESTRIAN
18462063,9/7/21,2021,B - SUSPECTED MINOR INJURY,1,0,0,0,1,4 - PEDESTRIAN
18489353,9/18/21,2021,K - FATAL INJURY,0,0,0,0,0,4 - PEDESTRIAN
18491714,9/23/21,2021,99 - UNKNOWN,0,0,0,0,0,4 - PEDESTRIAN
18492044,9/24/21,2021,C - POSSIBLE INJURY,0,0,1,0,1,4 - PEDESTRIAN
18498480,9/25/21,2021,A - SUSPECTED SERIOUS INJURY,0,0,0,1,1,4 - PEDESTRIAN
18498480,9/25/21,2021,A - SUSPECTED SERIOUS INJURY,0,0,0,1,1,4 - PEDESTRIAN
18505389,9/27/21,2021,A - SUSPECTED SERIOUS INJURY,0,0,0,1,1,4 - PEDESTRIAN
18509894,10/2/21,2021,A - SUSPECTED SERIOUS INJURY,0,0,0,1,1,4 - PEDESTRIAN
18539308,10/12/21,2021,B - SUSPECTED MINOR INJURY,1,0,0,0,1,4 - PEDESTRIAN
18556292,10/25/21,2021,B - SUSPECTED MINOR INJURY,1,0,0,0,1,4 - PEDESTRIAN
18556292,10/25/21,2021,B - SUSPECTED MINOR INJURY,1,0,0,0,1,4 - PEDESTRIAN
18556198,10/27/21,2021,B - SUSPECTED MINOR INJURY,1,0,0,0,1,4 - PEDESTRIAN
18557958,10/28/21,2021,B - SUSPECTED MINOR INJURY,1,0,0,0,1,4 - PEDESTRIAN
18563660,10/28/21,2021,C - POSSIBLE INJURY,0,0,1,0,1,4 - PEDESTRIAN
18563660,10/28/21,2021,N - NOT INJURED,0,1,0,0,0,4 - PEDESTRIAN
18563660,10/28/21,2021,N - NOT INJURED,0,1,0,0,0,4 - PEDESTRIAN
18567455,10/28/21,2021,K - FATAL INJURY,0,0,0,0,0,4 - PEDESTRIAN
18568018,11/3/21,2021,B - SUSPECTED MINOR INJURY,1,0,0,0,1,4 - PEDESTRIAN
18579346,11/7/21,2021,C - POSSIBLE INJURY,0,0,1,0,1,4 - PEDESTRIAN
18579347,11/8/21,2021,C - POSSIBLE INJURY,0,0,1,0,1,4 - PEDESTRIAN
18590979,11/9/21,2021,K - FATAL INJURY,0,0,0,0,0,4 - PEDESTRIAN
18597689,11/17/21,2021,B - SUSPECTED MINOR INJURY,1,0,0,0,1,4 - PEDESTRIAN
18606043,11/17/21,2021,A - SUSPECTED SERIOUS INJURY,0,0,0,1,1,4 - PEDESTRIAN
18604276,11/20/21,2021,B - SUSPECTED MINOR INJURY,1,0,0,0,1,4 - PEDESTRIAN
18604289,11/22/21,2021,N - NOT INJURED,0,1,0,0,0,4 - PEDESTRIAN
18615299,11/28/21,2021,B - SUSPECTED MINOR INJURY,1,0,0,0,1,4 - PEDESTRIAN
18619416,11/28/21,2021,B - SUSPECTED MINOR INJURY,1,0,0,0,1,4 - PEDESTRIAN
18619416,11/28/21,2021,B - SUSPECTED MINOR INJURY,1,0,0,0,1,4 - PEDESTRIAN
18619412,11/29/21,2021,B - SUSPECTED MINOR INJURY,1,0,0,0,1,4 - PEDESTRIAN
18619412,11/29/21,2021,N - NOT INJURED,0,1,0,0,0,4 - PEDESTRIAN
18630946,12/6/21,2021,C - POSSIBLE INJURY,0,0,1,0,1,4 - PEDESTRIAN
18630952,12/6/21,2021,B - SUSPECTED MINOR INJURY,1,0,0,0,1,4 - PEDESTRIAN
18641690,12/6/21,2021,B - SUSPECTED MINOR INJURY,1,0,0,0,1,4 - PEDESTRIAN
18635314,12/8/21,2021,N - NOT INJURED,0,1,0,0,0,4 - PEDESTRIAN
18637201,12/10/21,2021,N - NOT INJURED,0,1,0,0,0,4 - PEDESTRIAN
18646042,12/14/21,2021,C - POSSIBLE INJURY,0,0,1,0,1,4 - PEDESTRIAN
18655481,12/17/21,2021,B - SUSPECTED MINOR INJURY,1,0,0,0,1,4 - PEDESTRIAN
18660920,12/21/21,2021,B - SUSPECTED MINOR INJURY,1,0,0,0,1,4 - PEDESTRIAN
18669681,12/22/21,2021,C - POSSIBLE INJURY,0,0,1,0,1,4 - PEDESTRIAN
18669731,12/23/21,2021,B - SUSPECTED MINOR INJURY,1,0,0,0,1,4 - PEDESTRIAN
18679133,1/3/22,2022,C - POSSIBLE INJURY,0,0,1,0,1,4 - PEDESTRIAN
18688168,1/6/22,2022,A - SUSPECTED SERIOUS INJURY,0,0,0,1,1,4 - PEDESTRIAN
18701305,1/15/22,2022,B - SUSPECTED MINOR INJURY,1,0,0,0,1,4 - PEDESTRIAN
18705284,1/19/22,2022,B - SUSPECTED MINOR INJURY,1,0,0,0,1,4 - PEDESTRIAN
18710651,1/23/22,2022,C - POSSIBLE INJURY,0,0,1,0,1,4 - PEDESTRIAN
18718118,1/26/22,2022,C - POSSIBLE INJURY,0,0,1,0,1,4 - PEDESTRIAN
18718118,1/26/22,2022,C - POSSIBLE INJURY,0,0,1,0,1,4 - PEDESTRIAN
18718070,1/27/22,2022,B - SUSPECTED MINOR INJURY,1,0,0,0,1,4 - PEDESTRIAN
18722363,1/30/22,2022,B - SUSPECTED MINOR INJURY,1,0,0,0,1,4 - PEDESTRIAN
18723192,1/30/22,2022,C - POSSIBLE INJURY,0,0,1,0,1,4 - PEDESTRIAN
18752310,1/30/22,2022,C - POSSIBLE INJURY,0,0,1,0,1,4 - PEDESTRIAN
18752412,2/16/22,2022,B - SUSPECTED MINOR INJURY,1,0,0,0,1,4 - PEDESTRIAN
18766307,2/24/22,2022,A - SUSPECTED SERIOUS INJURY,0,0,0,1,1,4 - PEDESTRIAN
18770629,2/26/22,2022,C - POSSIBLE INJURY,0,0,1,0,1,4 - PEDESTRIAN
18773281,3/1/22,2022,B - SUSPECTED MINOR INJURY,1,0,0,0,1,4 - PEDESTRIAN
18774900,3/1/22,2022,B - SUSPECTED MINOR INJURY,1,0,0,0,1,4 - PEDESTRIAN
18795282,3/11/22,2022,B - SUSPECTED MINOR INJURY,1,0,0,0,1,4 - PEDESTRIAN
18820464,3/26/22,2022,B - SUSPECTED MINOR INJURY,1,0,0,0,1,4 - PEDESTRIAN
18821786,3/28/22,2022,N - NOT INJURED,0,1,0,0,0,4 - PEDESTRIAN
18826074,3/30/22,2022,C - POSSIBLE INJURY,0,0,1,0,1,4 - PEDESTRIAN
18860956,4/1/22,2022,C - POSSIBLE INJURY,0,0,1,0,1,4 - PEDESTRIAN
18839147,4/6/22,2022,B - SUSPECTED MINOR INJURY,1,0,0,0,1,4 - PEDESTRIAN
18849695,4/9/22,2022,N - NOT INJURED,0,1,0,0,0,4 - PEDESTRIAN
18870160,4/19/22,2022,C - POSSIBLE INJURY,0,0,1,0,1,4 - PEDESTRIAN
18891030,4/19/22,2022,B - SUSPECTED MINOR INJURY,1,0,0,0,1,4 - PEDESTRIAN
18870173,4/21/22,2022,A - SUSPECTED SERIOUS INJURY,0,0,0,1,1,4 - PEDESTRIAN
18901702,5/10/22,2022,C - POSSIBLE INJURY,0,0,1,0,1,4 - PEDESTRIAN
18901702,5/10/22,2022,C - POSSIBLE INJURY,0,0,1,0,1,4 - PEDESTRIAN
18901692,5/12/22,2022,B - SUSPECTED MINOR INJURY,1,0,0,0,1,4 - PEDESTRIAN
18921619,5/16/22,2022,K - FATAL INJURY,0,0,0,0,0,4 - PEDESTRIAN
18925894,5/19/22,2022,A - SUSPECTED SERIOUS INJURY,0,0,0,1,1,4 - PEDESTRIAN
18926081,5/25/22,2022,B - SUSPECTED MINOR INJURY,1,0,0,0,1,4 - PEDESTRIAN
18929900,5/26/22,2022,N - NOT INJURED,0,1,0,0,0,4 - PEDESTRIAN
18935371,5/27/22,2022,C - POSSIBLE INJURY,0,0,1,0,1,4 - PEDESTRIAN
18940163,5/29/22,2022,B - SUSPECTED MINOR INJURY,1,0,0,0,1,4 - PEDESTRIAN
18940237,5/31/22,2022,A - SUSPECTED SERIOUS INJURY,0,0,0,1,1,4 - PEDESTRIAN
18947885,6/5/22,2022,C - POSSIBLE INJURY,0,0,1,0,1,4 - PEDESTRIAN
18951841,6/8/22,2022,N - NOT INJURED,0,1,0,0,0,4 - PEDESTRIAN
18962085,6/14/22,2022,C - POSSIBLE INJURY,0,0,1,0,1,4 - PEDESTRIAN
18996379,6/30/22,2022,B - SUSPECTED MINOR INJURY,1,0,0,0,1,4 - PEDESTRIAN
19007362,7/5/22,2022,C - POSSIBLE INJURY,0,0,1,0,1,4 - PEDESTRIAN
19006343,7/7/22,2022,C - POSSIBLE INJURY,0,0,1,0,1,4 - PEDESTRIAN
19006392,7/12/22,2022,B - SUSPECTED MINOR INJURY,1,0,0,0,1,4 - PEDESTRIAN
19008900,7/13/22,2022,B - SUSPECTED MINOR INJURY,1,0,0,0,1,4 - PEDESTRIAN
19016591,7/16/22,2022,A - SUSPECTED SERIOUS INJURY,0,0,0,1,1,4 - PEDESTRIAN
19101386,8/5/22,2022,K - FATAL INJURY,0,0,0,0,0,4 - PEDESTRIAN
19060394,8/10/22,2022,A - SUSPECTED SERIOUS INJURY,0,0,0,1,1,4 - PEDESTRIAN
19060492,8/13/22,2022,N - NOT INJURED,0,1,0,0,0,4 - PEDESTRIAN
19073644,8/21/22,2022,C - POSSIBLE INJURY,0,0,1,0,1,4 - PEDESTRIAN
19083965,8/22/22,2022,N - NOT INJURED,0,1,0,0,0,4 - PEDESTRIAN
19080194,8/23/22,2022,B - SUSPECTED MINOR INJURY,1,0,0,0,1,4 - PEDESTRIAN
19079701,8/26/22,2022,B - SUSPECTED MINOR INJURY,1,0,0,0,1,4 - PEDESTRIAN
19079701,8/26/22,2022,B - SUSPECTED MINOR INJURY,1,0,0,0,1,4 - PEDESTRIAN
19103801,8/29/22,2022,B - SUSPECTED MINOR INJURY,1,0,0,0,1,4 - PEDESTRIAN
19089848,8/31/22,2022,B - SUSPECTED MINOR INJURY,1,0,0,0,1,4 - PEDESTRIAN
19097235,9/2/22,2022,B - SUSPECTED MINOR INJURY,1,0,0,0,1,4 - PEDESTRIAN
19097928,9/4/22,2022,C - POSSIBLE INJURY,0,0,1,0,1,4 - PEDESTRIAN
19097928,9/4/22,2022,C - POSSIBLE INJURY,0,0,1,0,1,4 - PEDESTRIAN
19103991,9/9/22,2022,A - SUSPECTED SERIOUS INJURY,0,0,0,1,1,4 - PEDESTRIAN
19103992,9/9/22,2022,B - SUSPECTED MINOR INJURY,1,0,0,0,1,4 - PEDESTRIAN
19122085,9/16/22,2022,B - SUSPECTED MINOR INJURY,1,0,0,0,1,4 - PEDESTRIAN
19122542,9/19/22,2022,C - POSSIBLE INJURY,0,0,1,0,1,4 - PEDESTRIAN
19125357,9/21/22,2022,B - SUSPECTED MINOR INJURY,1,0,0,0,1,4 - PEDESTRIAN
19134015,9/25/22,2022,C - POSSIBLE INJURY,0,0,1,0,1,4 - PEDESTRIAN
19142257,9/28/22,2022,B - SUSPECTED MINOR INJURY,1,0,0,0,1,4 - PEDESTRIAN
19149188,9/30/22,2022,C - POSSIBLE INJURY,0,0,1,0,1,4 - PEDESTRIAN
19149188,9/30/22,2022,C - POSSIBLE INJURY,0,0,1,0,1,4 - PEDESTRIAN
19165142,10/3/22,2022,B - SUSPECTED MINOR INJURY,1,0,0,0,1,4 - PEDESTRIAN
19162291,10/7/22,2022,B - SUSPECTED MINOR INJURY,1,0,0,0,1,4 - PEDESTRIAN
19162293,10/7/22,2022,B - SUSPECTED MINOR INJURY,1,0,0,0,1,4 - PEDESTRIAN
19175861,10/15/22,2022,N - NOT INJURED,0,1,0,0,0,4 - PEDESTRIAN
19203421,10/26/22,2022,N - NOT INJURED,0,1,0,0,0,4 - PEDESTRIAN
19203399,10/27/22,2022,N - NOT INJURED,0,1,0,0,0,4 - PEDESTRIAN
19203460,10/27/22,2022,B - SUSPECTED MINOR INJURY,1,0,0,0,1,4 - PEDESTRIAN
19203546,10/27/22,2022,C - POSSIBLE INJURY,0,0,1,0,1,4 - PEDESTRIAN
19201163,10/30/22,2022,C - POSSIBLE INJURY,0,0,1,0,1,4 - PEDESTRIAN
19220232,10/31/22,2022,N - NOT INJURED,0,1,0,0,0,4 - PEDESTRIAN
19207806,11/3/22,2022,C - POSSIBLE INJURY,0,0,1,0,1,4 - PEDESTRIAN
19211675,11/5/22,2022,C - POSSIBLE INJURY,0,0,1,0,1,4 - PEDESTRIAN
19211979,11/6/22,2022,C - POSSIBLE INJURY,0,0,1,0,1,4 - PEDESTRIAN
19227692,11/11/22,2022,99 - UNKNOWN,0,0,0,0,0,4 - PEDESTRIAN
19229810,11/13/22,2022,C - POSSIBLE INJURY,0,0,1,0,1,4 - PEDESTRIAN
19256040,11/15/22,2022,N - NOT INJURED,0,1,0,0,0,4 - PEDESTRIAN
19246953,11/19/22,2022,N - NOT INJURED,0,1,0,0,0,4 - PEDESTRIAN
19240720,11/21/22,2022,N - NOT INJURED,0,1,0,0,0,4 - PEDESTRIAN
19260732,11/21/22,2022,N - NOT INJURED,0,1,0,0,0,4 - PEDESTRIAN
19247289,11/25/22,2022,A - SUSPECTED SERIOUS INJURY,0,0,0,1,1,4 - PEDESTRIAN
19259779,11/26/22,2022,B - SUSPECTED MINOR INJURY,1,0,0,0,1,4 - PEDESTRIAN
19281523,11/30/22,2022,K - FATAL INJURY,0,0,0,0,0,4 - PEDESTRIAN
19276926,12/5/22,2022,C - POSSIBLE INJURY,0,0,1,0,1,4 - PEDESTRIAN
19294773,12/5/22,2022,C - POSSIBLE INJURY,0,0,1,0,1,4 - PEDESTRIAN
19270457,12/7/22,2022,C - POSSIBLE INJURY,0,0,1,0,1,4 - PEDESTRIAN
19285518,12/9/22,2022,B - SUSPECTED MINOR INJURY,1,0,0,0,1,4 - PEDESTRIAN
19295664,12/9/22,2022,K - FATAL INJURY,0,0,0,0,0,4 - PEDESTRIAN
19296965,12/12/22,2022,B - SUSPECTED MINOR INJURY,1,0,0,0,1,4 - PEDESTRIAN
19284396,12/14/22,2022,A - SUSPECTED SERIOUS INJURY,0,0,0,1,1,4 - PEDESTRIAN
19286937,12/15/22,2022,N - NOT INJURED,0,1,0,0,0,4 - PEDESTRIAN
19299854,12/22/22,2022,C - POSSIBLE INJURY,0,0,1,0,1,4 - PEDESTRIAN
19307894,12/28/22,2022,C - POSSIBLE INJURY,0,0,1,0,1,4 - PEDESTRIAN