X,Y,OBJECTID_1,REPORT_NUM,ReportNumber,PrimaryTrafficway,Date,Year,Month,Time,Sobriety,AutoKSI,PedestrianKSI,BicycleKSI,Veh1Action,Veh2Action,Vehicle1ContributionCircumstanc,CollisionTypeByObjectStrike,ByMode,WAStatePlainSouth_X,WAStatePlainSouth_Y,ObjectID,BicycleKSI1
-122.1943826,47.64523182,1,EA84581,EA84581,108TH AVE NE,2020/11/23 00:00:00+00,2020,Nov,1899/12/30 08:48:00+00,Unknown,,,1,Going Straight Ahead,,Failed to Yield/Did Not Grant R/W to Bicyclist,Bicyclist,Bicycle,1304937.37,238325.3765,112,1
-122.1857001,47.6241822,2,EA52685,EA52685,116TH AVE NE,2020/08/04 00:00:00+00,2020,Aug,1899/12/30 07:57:00+00,Unknown,,,1,Making Right Turn,,Improper/Failure to Signal,Bicyclist,Bicycle,1306942.358,230610.6573,128,1
-122.153742,47.62800618,3,EA63817,EA63817,140TH AVE NE,2020/09/14 00:00:00+00,2020,Sep,1899/12/30 07:00:00+00,Unknown,,1,,Starting in Traffic Lane,,Failed to Yield/Did Not Grant R/W to Pedestrian,Pedestrian,Pedestrian,1314846,231868.4616,171,
-122.1443993,47.60987663,4,EA58521,EA58521,147TH AVE SE,2020/08/20 00:00:00+00,2020,Aug,1899/12/30 18:46:00+00,Unknown,,1,,Making Right Turn,,Failed to Yield/Did Not Grant R/W to Pedestrian,Pedestrian,Pedestrian,1317036.764,225217.0024,170,
-122.1342206,47.56165379,5,EA22337,EA22337,154TH PL SE,2020/03/02 00:00:00+00,2020,Mar,1899/12/30 15:19:00+00,Unknown,1,,,Other*,"Legally Parked, Unoccupied",None,Fixed Object,Auto,1319249.844,207586.9071,27,
-122.1325072,47.6209982,6,EA22336,EA22336,156TH AVE NE,2020/03/06 00:00:00+00,2020,Mar,1899/12/30 20:25:00+00,Unknown,,1,,Making Left Turn,,Driver Distraction/Inattention,Pedestrian,Pedestrian,1320038.218,229223.4413,142,
-122.1441175,47.62632788,7,EA69417,EA69417,BEL RED RD,2020/10/02 00:00:00+00,2020,Oct,1899/12/30 10:12:00+00,Unknown,1,,,Merging (Entering Traffic),Going Straight Ahead,Other,Entering at Angle,Auto,1317208.463,231215.7949,20,
-122.2068318,47.61019088,8,EA74445,EA74445,LAKE WASHINGTON BLVD,2020/10/23 00:00:00+00,2020,Oct,1899/12/30 07:43:00+00,Unknown,,1,,Making Left Turn,,Failed to Yield/Did Not Grant R/W to Pedestrian,Pedestrian,Pedestrian,1301641.001,225600.2084,160,
-122.2000567,47.61926541,9,EA69865,EA69865,NE 10TH ST,2020/10/07 00:00:00+00,2020,Oct,1899/12/30 12:19:00+00,Unknown,1,,,Going Straight Ahead,Making Left Turn,Other,Entering at Angle,Auto,1303370.697,228880.0076,18,
-122.1948485,47.61931304,10,EA56582,EA56582,NE 10TH ST,2020/08/18 00:00:00+00,2020,Aug,1899/12/30 11:42:00+00,Unknown,,1,,Going Straight Ahead,,None,Pedestrian,Pedestrian,1304655.28,228874.6129,185,
-122.1430375,47.64593978,11,EA00310,EA00310,NE 40TH ST,2020/01/06 00:00:00+00,2020,Jan,1899/12/30 19:31:00+00,Unknown,,1,,Making Left Turn,,Failed to Yield/Did Not Grant R/W to Pedestrian,Pedestrian,Pedestrian,1317596.476,238363.9676,159,
-122.1262311,47.61698404,12,EA88190,EA88190,NE 8TH ST,2020/11/30 00:00:00+00,2020,Nov,1899/12/30 17:19:00+00,Unknown,,1,,Going Straight Ahead,,Other,Pedestrian,Pedestrian,1321561.197,227733.359,190,
-122.1072835,47.61687374,13,EA28702,EA28702,NORTHUP WAY,2020/03/22 00:00:00+00,2020,Mar,1899/12/30 15:59:00+00,Unknown,,,1,Making Left Turn,,Failed to Yield/Did Not Grant R/W to Bicyclist,Bicyclist,Bicycle,1326233.029,227615.1975,114,1
-122.1072851,47.61687284,14,EA94389,EA94389,NORTHUP WAY,2020/09/11 00:00:00+00,2020,Sep,1899/12/30 19:42:00+00,Unknown,,,1,Making Left Turn,,None,Bicyclist,Bicycle,1326232.64,227614.8763,132,1
-122.1648585,47.5862321,15,EA13806,EA13806,RICHARDS RD,2020/02/08 00:00:00+00,2020,Feb,1899/12/30 02:00:00+00,Unknown,1,,,Going Straight Ahead,,Speeding,Fixed Object,Auto,1311841.636,216680.2387,41,
-122.1092842,47.54840869,16,EA33032,EA33032,SE 60TH ST,2020/05/07 00:00:00+00,2020,May,1899/12/30 18:50:00+00,Unknown,,,1,Making Left Turn,,Failed to Yield/Did Not Grant R/W to Vehicle,Bicyclist,Bicycle,1325325.615,202653.149,119,1
-122.207043,47.62585592,17,E789953,E789953,100TH AVE NE,2018/04/13 00:00:00+00,2018,Apr,1899/12/30 16:50:00+00,Had NOT Been Drinking,1,,,Making Left Turn,Stopped in Roadway,Other,Fixed Object,Auto,1301690.909,231314.2914,28,
-122.2075808,47.59471031,18,E989691,E989691,100TH AVE SE,2019/11/15 00:00:00+00,2019,Nov,1899/12/30 23:53:00+00,Unknown,1,,,Going Straight Ahead,,Speeding,Fixed Object,Auto,1301355.44,219957.6347,40,
-122.1988865,47.61199075,19,E177847,E177847,NE 2ND ST,2012/06/20 00:00:00+00,2012,Jun,1899/12/30 15:06:00+00,Had NOT Been Drinking,,1,,Making Right Turn,,Failed to Yield/Did Not Grant R/W to Pedestrian,Pedestrian,Pedestrian,1303612.181,226221.7613,162,
-122.1990072,47.61735792,20,3665103,3665103,106TH AVE NE,2013/02/07 00:00:00+00,2013,Feb,1899/12/30 17:50:00+00,Had NOT Been Drinking,,1,,Making Right Turn,,Failed to Yield/Did Not Grant R/W to Pedestrian,Pedestrian,Pedestrian,1303617.152,228179.7364,161,
-122.1965678,47.58020657,21,E489927,E489927,106TH AVE SE,2015/12/05 00:00:00+00,2015,Dec,1899/12/30 00:06:00+00,HBD - Ability Impaired,1,,,Going Straight Ahead,,Under the Influence,Fixed Object,Auto,1303978.649,214619.6815,54,
-122.1961471,47.64288916,22,E129024,E129024,108TH AVE NE,2011/09/16 00:00:00+00,2011,Sep,1899/12/30 06:40:00+00,Had NOT Been Drinking,,,1,Making Left Turn,,Failed to Yield/Did Not Grant R/W to Bicyclist,Bicyclist,Bicycle,1304487.36,237478.6856,113,1
-122.1962467,47.61378139,23,E976283,E976283,108TH AVE NE,2019/10/17 00:00:00+00,2019,Oct,1899/12/30 18:26:00+00,Had NOT Been Drinking,,1,,Making Right Turn,,Failed to Yield/Did Not Grant R/W to Pedestrian,Pedestrian,Pedestrian,1304274.769,226863.2793,169,
-122.1964541,47.59433028,24,E974910,E974910,108TH AVE SE,2019/10/24 00:00:00+00,2019,Oct,1899/12/30 15:25:00+00,Had NOT Been Drinking,,,1,Making Left Turn,,Other,Bicyclist,Bicycle,1304097.963,219770.2128,135,1
-122.1961766,47.6101122,25,E908245,E908245,108TH AVE SE,2019/04/03 00:00:00+00,2019,Apr,1899/12/30 13:09:00+00,Had NOT Been Drinking,,1,,Making Left Turn,,Driver Distraction/Inattention,Pedestrian,Pedestrian,1304268.349,225524.7919,141,
-122.193673,47.6205974,26,E720257,E720257,110TH AVE NE,2017/09/28 00:00:00+00,2017,Sep,1899/12/30 18:30:00+00,Had NOT Been Drinking,,,1,Making Left Turn,,Improper Turn,Bicyclist,Bicycle,1304953.415,229337.9023,123,1
-122.1923226,47.61371186,27,E411320,E411320,111TH AVE NE,2015/03/25 00:00:00+00,2015,Mar,1899/12/30 15:47:00+00,Had NOT Been Drinking,1,,,Making Left Turn,Going Straight Ahead,Improper Turn,Turning,Auto,1305242.054,226820.8047,91,
-122.1909805,47.62726399,28,E333481,E333481,112TH AVE NE,2014/06/05 00:00:00+00,2014,Jun,1899/12/30 10:56:00+00,Had NOT Been Drinking,1,,,Making Left Turn,Going Straight Ahead,Other,Entering at Angle,Auto,1305660.233,231757.5405,19,
-122.1910599,47.61936633,29,E946213,E946213,112TH AVE NE,2019/07/13 00:00:00+00,2019,Jul,1899/12/30 17:50:00+00,Had NOT Been Drinking,2,,,Going Straight Ahead,Going Straight Ahead,Disregard Sign or Signal,Entering at Angle,Auto,1305589.844,228877.5407,8,
-122.1855253,47.6110924,30,E873213,E873213,100 116TH AVE NE,2018/12/11 00:00:00+00,2018,Dec,1899/12/30 15:12:00+00,Unknown,,1,,Going Straight Ahead,,None,Pedestrian,Pedestrian,1306901.569,225835.933,182,
-122.1856286,47.6149604,31,E629408,E629408,116TH AVE NE,2017/01/04 00:00:00+00,2017,Jan,1899/12/30 19:26:00+00,HBD - Ability Impaired,,1,,Going Straight Ahead,,None,Pedestrian,Pedestrian,1306900.868,227247.0761,180,
-122.1856324,47.61684866,32,E665030,E665030,116TH AVE NE,2017/04/21 00:00:00+00,2017,Apr,1899/12/30 13:31:00+00,HBD - Ability Not Impaired,1,,,Starting in Traffic Lane,Stopped for Traffic,"Asleep, Fatigued, Ill",Rear End,Auto,1306912.051,227935.7572,69,
-122.1856418,47.61559564,33,E889831,E889831,116TH AVE NE,2019/02/01 00:00:00+00,2019,Feb,1899/12/30 09:44:00+00,Had NOT Been Drinking,1,,,Making Left Turn,Going Straight Ahead,Driver Distraction/Inattention,Entering at Angle,Auto,1306901.698,227478.8086,11,
-122.1856484,47.63438673,34,E545188,E545188,116TH AVE NE,2016/05/18 00:00:00+00,2016,May,1899/12/30 08:53:00+00,Had NOT Been Drinking,,,1,Making Right Turn,,Improper Turn,Bicyclist,Bicycle,1307020.514,234332.1184,125,1
-122.1857702,47.61921297,35,E444556,E444556,116TH AVE NE,2015/07/19 00:00:00+00,2015,Jul,1899/12/30 19:52:00+00,Had NOT Been Drinking,1,,,Going Straight Ahead,Making Left Turn,None,Turning,Auto,1306893.216,228798.6377,95,
-122.182627,47.58938988,36,E325445,E325445,118TH AVE SE,2014/05/04 00:00:00+00,2014,May,1899/12/30 00:06:00+00,HBD - Ability Impaired,1,,,Going Straight Ahead,,Under the Influence,Fixed Object,Auto,1307477.569,217908.2815,53,
-122.179995,47.57940111,37,E530376,E530376,118TH AVE SE,2016/03/23 00:00:00+00,2016,Mar,1899/12/30 05:59:00+00,Had NOT Been Drinking,,,1,Going Straight Ahead,,Driver Distraction/Inattention,Bicyclist,Bicycle,1308063.201,214253.9099,109,1
-122.1829058,47.59110148,38,E874497,E874497,118TH AVE SE,2018/12/01 00:00:00+00,2018,Dec,1899/12/30 03:57:00+00,Unknown,1,,,Going Straight Ahead,,Speeding,Fixed Object,Auto,1307419.727,218533.7235,36,
-122.1829918,47.60108297,39,E591184,E591184,118TH AVE SE,2016/10/02 00:00:00+00,2016,Oct,1899/12/30 10:05:00+00,Had NOT Been Drinking,,,1,Making Right Turn,,Failed to Yield/Did Not Grant R/W to Vehicle,Bicyclist,Bicycle,1307462.371,222174.4337,120,1
-122.1815052,47.57130007,40,E219237,E219237,118TH AVE SE,2013/01/03 00:00:00+00,2013,Jan,1899/12/30 15:11:00+00,Had NOT Been Drinking,,1,,Making Left Turn,,Failed to Yield/Did Not Grant R/W to Pedestrian,Pedestrian,Pedestrian,1307638.754,211305.9141,154,
-122.1815075,47.57131282,41,E322701,E322701,118TH AVE SE,2014/04/21 00:00:00+00,2014,Apr,1899/12/30 15:43:00+00,Had NOT Been Drinking,,,1,Making Left Turn,,Other,Turning,Bicycle,1307638.276,211310.5723,96,1
-122.1802655,47.61320215,42,E617224,E617224,120TH AVE NE,2016/12/07 00:00:00+00,2016,Dec,1899/12/30 12:17:00+00,Had NOT Been Drinking,1,,,Making Left Turn,Going Straight Ahead,Improper Turn,Entering at Angle,Auto,1308212.227,226582.6273,12,
-122.1803633,47.6165093,43,E824390,E824390,120TH AVE NE,2018/07/24 00:00:00+00,2018,Jul,1899/12/30 09:15:00+00,Had NOT Been Drinking,,1,,Going Straight Ahead,,Disregard Sign or Signal,Pedestrian,Pedestrian,1308209.222,227789.1987,139,
-122.1750009,47.6199802,44,E316921,E316921,124TH AVE NE,2014/02/24 00:00:00+00,2014,Feb,1899/12/30 12:14:00+00,Had NOT Been Drinking,,1,,Making Right Turn,,Other,Pedestrian,Pedestrian,1309553.667,229031.9666,194,
-122.1744665,47.57205377,45,E350943,E350943,124TH AVE SE,2014/04/26 00:00:00+00,2014,Apr,1899/12/30 16:10:00+00,Unknown,,1,,Going Straight Ahead,,Failed to Yield/Did Not Grant R/W to Pedestrian,Pedestrian,Pedestrian,1309380.795,211550.4389,147,
-122.1672885,47.56841381,46,E816379,E816379,129TH PL SE,2018/06/18 00:00:00+00,2018,Jun,1899/12/30 07:32:00+00,Had NOT Been Drinking,,,1,Making Left Turn,,Failed to Yield/Did Not Grant R/W to Vehicle,Bicyclist,Bicycle,1311129.382,210192.1116,118,1
-122.1670438,47.62154462,47,E393673,E393673,130TH AVE NE,2015/01/16 00:00:00+00,2015,Jan,1899/12/30 19:35:00+00,Had NOT Been Drinking,,1,,Making Left Turn,,Improper Turn,Pedestrian,Pedestrian,1311525.646,229568.4173,172,
-122.1644684,47.62777007,48,E780773,E780773,132ND AVE NE,2018/03/16 00:00:00+00,2018,Mar,1899/12/30 18:31:00+00,Had NOT Been Drinking,1,,,"Legally Parked, Unoccupied",Going Straight Ahead,None,Parking Related,Auto,1312199.965,231827.9118,66,
-122.1644915,47.57960089,49,3665301,3665301,132ND AVE SE,2012/12/31 00:00:00+00,2012,Dec,1899/12/30 08:38:00+00,Had NOT Been Drinking,,1,,Making Right Turn,,Other,Pedestrian,Pedestrian,1311890.341,214260.2028,193,
-122.1536244,47.6157806,50,E130362,E130362,140TH AVE NE,2011/10/05 00:00:00+00,2011,Oct,1899/12/30 21:15:00+00,Had NOT Been Drinking,,,1,Going Straight Ahead,,Driver Distraction/Inattention,Bicyclist,Bicycle,1314798.498,227409.1513,107,1
-122.1536276,47.61761717,51,E284270,E284270,140TH AVE NE,2013/11/07 00:00:00+00,2013,Nov,1899/12/30 18:24:00+00,Had NOT Been Drinking,1,,,Going Straight Ahead,Stopped at Signal or Stop Sign,None,Entering at Angle,Auto,1314809.186,228078.9823,15,
-122.1536992,47.62443078,52,E471755,E471755,140TH AVE NE,2015/09/29 00:00:00+00,2015,Sep,1899/12/30 10:25:00+00,Had NOT Been Drinking,,1,,Making Left Turn,Going Straight Ahead,Failed to Yield/Did Not Grant R/W to Vehicle,Turning,Pedestrian,1314834.178,230564.2893,85,
-122.153742,47.62800621,53,E735354,E735354,140TH AVE NE,2017/11/10 00:00:00+00,2017,Nov,1899/12/30 06:53:00+00,Had NOT Been Drinking,1,,,Making Left Turn,Going Straight Ahead,Failed to Yield/Did Not Grant R/W to Vehicle,Turning,Auto,1314846,231868.4718,88,
-122.1526043,47.60005702,54,E945964,E945964,140TH AVE SE,2019/07/14 00:00:00+00,2019,Jul,1899/12/30 01:52:00+00,HBD - Ability Impaired,1,,,Going Straight Ahead,,Under the Influence,Fixed Object,Auto,1314951.744,221670.2664,58,
-122.1534318,47.6026637,55,E457581,E457581,140TH AVE SE,2015/09/01 00:00:00+00,2015,Sep,1899/12/30 08:47:00+00,Had NOT Been Drinking,1,,,Making Left Turn,Going Straight Ahead,Improper Turn,Turning,Auto,1314763.925,222624.4522,92,
-122.1535115,47.6080618,56,E892686,E892686,140TH AVE SE,2019/01/31 00:00:00+00,2019,Jan,1899/12/30 17:21:00+00,Had NOT Been Drinking,,,1,Making Right Turn,,Driver Distraction/Inattention,Bicyclist,Bicycle,1314778.034,224593.5398,111,1
-122.1534317,47.60266367,57,E976259,E976259,SE 8TH ST,2019/10/20 00:00:00+00,2019,Oct,1899/12/30 16:10:00+00,Had NOT Been Drinking,1,,,Going Straight Ahead,Going Straight Ahead,Other,Entering at Angle,Auto,1314763.935,222624.4423,17,
-122.1480055,47.59301099,58,E991650,E991650,145TH PL SE,2019/11/17 00:00:00+00,2019,Nov,1899/12/30 19:10:00+00,Unknown,,1,,Going Straight Ahead,,Failed to Yield/Did Not Grant R/W to Pedestrian,Pedestrian,Pedestrian,1316042.27,219081.079,150,
-122.1464505,47.59056765,59,E489922,E489922,145TH PL SE,2015/12/03 00:00:00+00,2015,Dec,1899/12/30 17:01:00+00,Had NOT Been Drinking,,1,,Going Straight Ahead,,None,Pedestrian,Pedestrian,1316410.692,218183.4128,177,
-122.1428966,47.60986531,60,3445508,3445508,148TH AVE,2013/02/12 00:00:00+00,2013,Feb,1899/12/30 14:36:00+00,Had NOT Been Drinking,1,,,Going Straight Ahead,Stopped at Signal or Stop Sign,Driver Distraction/Inattention,Rear End,Auto,1317407.312,225206.5658,70,
-122.1432878,47.61928226,61,E728730,E728730,148TH AVE NE,2017/10/22 00:00:00+00,2017,Oct,1899/12/30 20:46:00+00,HBD - Ability Impaired,1,,,Going Straight Ahead,,Under the Influence,Fixed Object,Auto,1317369.286,228642.6859,56,
-122.143147,47.64804881,62,E265062,E265062,148TH AVE NE,2013/07/01 00:00:00+00,2013,Jul,1899/12/30 18:00:00+00,Had NOT Been Drinking,,1,,Merging (Entering Traffic),,Other,Pedestrian,Pedestrian,1317582.584,239133.6147,195,
-122.1431565,47.63001278,63,E780771,E780771,148TH AVE NE,2018/03/16 00:00:00+00,2018,Mar,1899/12/30 21:35:00+00,HBD - Ability Impaired,1,,,Making Left Turn,Going Straight Ahead,Under the Influence,Turning,Auto,1317468.271,232555.6876,100,
-122.1432435,47.61704981,64,E438356,E438356,148TH AVE NE,2015/06/23 00:00:00+00,2015,Jun,1899/12/30 02:11:00+00,Had NOT Been Drinking,1,,,Going Straight Ahead,Going Straight Ahead,Disregard Sign or Signal,Entering at Angle,Auto,1317366.341,227828.2984,7,
-122.1430722,47.60328877,65,E489283,E489283,148TH AVE SE,2015/10/14 00:00:00+00,2015,Oct,1899/12/30 19:41:00+00,Had NOT Been Drinking,1,,,Going Straight Ahead,,Speeding,Fixed Object,Auto,1317323.16,222808.7586,33,
-122.1325072,47.6209982,66,E601464,E601464,156TH AVE NE,2016/10/27 00:00:00+00,2016,Oct,1899/12/30 18:05:00+00,Unknown,2,,,Other*,,Driver Distraction/Inattention,Fixed Object,Auto,1320038.218,229223.4413,26,
-122.1323152,47.61199872,67,E176342,E176342,156TH AVE NE,2012/06/09 00:00:00+00,2012,Jun,1899/12/30 16:14:00+00,Had NOT Been Drinking,,,1,Going Straight Ahead,,Driver Distraction/Inattention,Bicyclist,Bicycle,1320030.175,225940.4147,108,1
-122.1323636,47.63127131,68,E859345,E859345,156TH AVE NE,2018/10/24 00:00:00+00,2018,Oct,1899/12/30 08:26:00+00,Had NOT Been Drinking,1,,,Making Left Turn,Going Straight Ahead,Failed to Yield/Did Not Grant R/W to Vehicle,Turning,Auto,1320136.895,232969.5854,89,
-122.1325103,47.61871637,69,E986725,E986725,156TH AVE NE,2019/11/18 00:00:00+00,2019,Nov,1899/12/30 19:21:00+00,Had NOT Been Drinking,,1,,Making Left Turn,,Failed to Yield/Did Not Grant R/W to Pedestrian,Pedestrian,Pedestrian,1320023.425,228391.2408,158,
-122.1325072,47.62099822,70,E656927,E656927,156TH AVE NE,2017/03/30 00:00:00+00,2017,Mar,1899/12/30 00:34:00+00,HBD - Ability Impaired,,1,,Going Straight Ahead,,None,Pedestrian,Pedestrian,1320038.218,229223.4515,181,
-122.1323677,47.62326546,71,E414301,E414301,156TH AVE NE,2015/04/02 00:00:00+00,2015,Apr,1899/12/30 21:33:00+00,Had NOT Been Drinking,,,1,Going Straight Ahead,,Defective Equipment,Bicyclist,Bicycle,1320086.581,230049.7598,102,1
-122.1323176,47.62779857,72,E804570,E804570,156TH AVE NE,2018/06/02 00:00:00+00,2018,Jun,1899/12/30 02:05:00+00,HBD - Ability Impaired,1,,,Going Straight Ahead,,Under the Influence,Fixed Object,Auto,1320126.84,231702.8382,57,
-122.1323285,47.61230282,73,E692002,E692002,156TH AVE NE,2017/07/11 00:00:00+00,2017,Jul,1899/12/30 14:30:00+00,Had NOT Been Drinking,,,1,Making Right Turn,,Improper Turn,Bicyclist,Bicycle,1320028.761,226051.3797,127,1
-122.132446,47.6152171,74,E867968,E867968,156TH AVE NE,2018/12/01 00:00:00+00,2018,Dec,1899/12/30 16:55:00+00,Had NOT Been Drinking,,1,,Going Straight Ahead,,Failed to Yield/Did Not Grant R/W to Pedestrian,Pedestrian,Pedestrian,1320017.715,227114.7437,149,
-122.1319128,47.59148318,75,E172848,E172848,156TH AVE SE,2012/05/16 00:00:00+00,2012,May,1899/12/30 21:39:00+00,Unknown,,,1,Unknown,,Unknown,Bicyclist,Bicycle,1320003.132,218456.4504,136,1
-122.1331326,47.57588693,76,E562591,E562591,156TH AVE SE,2016/07/09 00:00:00+00,2016,Jul,1899/12/30 00:09:00+00,HBD - Ability Impaired,1,,,Going Straight Ahead,"Legally Parked, Unoccupied",Under the Influence,Parking Related,Auto,1319606.094,212773.3774,68,
-122.1310289,47.55375192,77,E929489,E929489,156TH AVE SE,2019/05/21 00:00:00+00,2019,May,1899/12/30 10:54:00+00,Unknown,1,,,Going Straight Ahead,"Legally Parked, Unoccupied","Asleep, Fatigued, Ill",Parking Related,Auto,1319989.155,204691.6875,64,
-122.1361034,47.58091182,78,3665206,3665206,156TH AVE SE,2013/11/19 00:00:00+00,2013,Nov,1899/12/30 19:18:00+00,Unknown,,1,,Going Straight Ahead,,Failed to Yield/Did Not Grant R/W to Pedestrian,Pedestrian,Pedestrian,1318903.946,214618.4167,145,
-122.1325745,47.58583744,79,E399482,E399482,156TH AVE SE,2015/02/08 00:00:00+00,2015,Feb,1899/12/30 15:11:00+00,Had NOT Been Drinking,1,,,"Legally Parked, Unoccupied",Going Straight Ahead,None,Parking Related,Auto,1319805.123,216400.1323,65,
-122.1341494,47.58216473,80,E211132,E211132,156TH AVE SE,2012/12/06 00:00:00+00,2012,Dec,1899/12/30 07:07:00+00,Had NOT Been Drinking,,1,,Making Left Turn,,Failed to Yield/Did Not Grant R/W to Pedestrian,Pedestrian,Pedestrian,1319393.859,215067.2127,153,
-122.1241453,47.58457887,81,E543042,E543042,161ST AVE SE,2016/04/13 00:00:00+00,2016,Apr,1899/12/30 18:03:00+00,Had NOT Been Drinking,,,1,Going Straight Ahead,,Driver Distraction/Inattention,Bicyclist,Bicycle,1321877.313,215906.1083,110,1
-122.1217229,47.61957078,82,3636778,3636778,164TH AVE NE,2015/01/06 00:00:00+00,2015,Jan,1899/12/30 17:55:00+00,Had NOT Been Drinking,,1,,Making Left Turn,,Failed to Yield/Did Not Grant R/W to Pedestrian,Pedestrian,Pedestrian,1322688.714,228658.1304,152,
-122.1194441,47.63130897,83,3445974,3445974,166TH AVE NE,2013/04/12 00:00:00+00,2013,Apr,1899/12/30 16:02:00+00,HBD - Ability Impaired,,,1,Making Right Turn,,Failed to Yield/Did Not Grant R/W to Bicyclist,Bicyclist,Bicycle,1323322.19,232929.819,115,1
-122.1802465,47.61887878,84,E907210,E907210,BEL RED RD,2019/03/28 00:00:00+00,2019,Mar,1899/12/30 18:04:00+00,Had NOT Been Drinking,,,1,Stopped for Traffic,,None,Bicyclist,Bicycle,1308253.156,228652.868,133,1
-122.1542291,47.62431423,85,E410314,E410314,BEL RED RD,2015/03/11 00:00:00+00,2015,Mar,1899/12/30 21:18:00+00,HBD - Ability Impaired,,1,,Going Straight Ahead,,None,Pedestrian,Pedestrian,1314702.804,230524.0227,176,
-122.1320164,47.63288505,86,E966643,E966643,BEL RED RD,2019/09/29 00:00:00+00,2019,Sep,1899/12/30 04:20:00+00,Unknown,1,,,Going Straight Ahead,,Speeding,Fixed Object,Auto,1320232.406,233556.6931,39,
-122.154493,47.62421194,87,E117283,E117283,BEL RED RD,2011/07/12 00:00:00+00,2011,Jul,1899/12/30 16:23:00+00,Had NOT Been Drinking,,,1,Making Right Turn,,Failed to Yield/Did Not Grant R/W to Bicyclist,Bicyclist,Bicycle,1314637.088,230487.8357,116,1
-122.1750022,47.61987481,88,E602884,E602884,BEL RED RD,2016/10/20 00:00:00+00,2016,Oct,1899/12/30 12:23:00+00,Had NOT Been Drinking,1,,,Making Left Turn,Going Straight Ahead,Failed to Yield/Did Not Grant R/W to Vehicle,Turning,Auto,1309552.683,228993.5366,86,
-122.1432228,47.62651001,89,E337825,E337825,BEL RED RD,2014/06/27 00:00:00+00,2014,Jun,1899/12/30 22:22:00+00,Had NOT Been Drinking,1,,,Making Left Turn,Going Straight Ahead,Driver Distraction/Inattention,Turning,Auto,1317430.193,231278.4641,81,
-122.132428,47.6326444,90,E616065,E616065,BEL RED RD,2016/12/03 00:00:00+00,2016,Dec,1899/12/30 15:10:00+00,Had NOT Been Drinking,1,,,Making Left Turn,Going Straight Ahead,Failed to Yield/Did Not Grant R/W to Vehicle,Turning,Auto,1320129.474,233470.6385,87,
-122.201646,47.63443467,91,E333484,E333484,BELLEVUE WAY NE,2014/06/06 00:00:00+00,2014,Jun,1899/12/30 16:23:00+00,Had NOT Been Drinking,1,,,Going Straight Ahead,,Speeding,Fixed Object,Auto,1303077.18,234419.3207,32,
-122.2017553,47.61503065,92,E435087,E435087,BELLEVUE WAY NE,2015/06/15 00:00:00+00,2015,Jun,1899/12/30 13:00:00+00,Had NOT Been Drinking,,1,,Backing,,Failed to Yield/Did Not Grant R/W to Pedestrian,Pedestrian,Pedestrian,1302924.378,227343.0028,144,
-122.2015113,47.6102023,93,E823667,E823667,BELLEVUE WAY NE,2018/07/27 00:00:00+00,2018,Jul,1899/12/30 12:28:00+00,Had NOT Been Drinking,1,,,Making Left Turn,Going Straight Ahead,Driver Distraction/Inattention,Turning,Auto,1302953.26,225580.9971,82,
-122.2016196,47.63193393,94,E308264,E308264,BELLEVUE WAY NE,2014/02/13 00:00:00+00,2014,Feb,1899/12/30 19:02:00+00,Had NOT Been Drinking,1,,,Making Left Turn,Going Straight Ahead,Driver Distraction/Inattention,Turning,Auto,1303067.471,233507.1627,80,
-122.2014954,47.60938054,95,E153333,E153333,BELLEVUE WAY SE,2012/01/30 00:00:00+00,2012,Jan,1899/12/30 23:23:00+00,Had NOT Been Drinking,,1,,Going Straight Ahead,,Under the Influence,Pedestrian,Pedestrian,1302951.837,225281.2277,198,
-122.1909551,47.5860263,96,3251466,3251466,BELLEVUE WAY SE,2013/01/16 00:00:00+00,2013,Jan,1899/12/30 01:54:00+00,HBD - Ability Impaired,2,,,Going Straight Ahead,,Under the Influence,Fixed Object,Auto,1305401.159,216717.6956,45,
-122.1710408,47.56440829,97,E698944,E698944,COAL CREEK PKWY SE,2017/07/29 00:00:00+00,2017,Jul,1899/12/30 13:19:00+00,Had NOT Been Drinking,,,1,Changing Lanes,,Driver Distraction/Inattention,Bicyclist,Bicycle,1310177.81,208747.3376,106,1
-122.1670935,47.55183248,98,E591584,E591584,COAL CREEK PKWY SE,2016/09/24 00:00:00+00,2016,Sep,1899/12/30 06:44:00+00,Had NOT Been Drinking,3,,,Overtaking and Passing,,Speeding,Fixed Object,Auto,1311072.695,204143.8986,44,
-122.1747845,47.56623683,99,E986737,E986737,COAL CREEK PKWY SE,2019/11/14 00:00:00+00,2019,Nov,1899/12/30 09:01:00+00,Had NOT Been Drinking,1,,,Changing Lanes,Going Straight Ahead,Failed to Yield/Did Not Grant R/W to Vehicle,Sideswipe,Auto,1309265.323,209430.3132,77,
-122.2158318,47.61892316,100,E130378,E130378,EVERGREEN DR,2011/10/08 00:00:00+00,2011,Oct,1899/12/30 14:00:00+00,Had NOT Been Drinking,1,,,Going Straight Ahead,,Other,All Other,Auto,1299478.571,228824.6757,3,
-122.1690735,47.57930719,101,E986743,E986743,FACTORIA BLVD SE,2019/11/13 00:00:00+00,2019,Nov,1899/12/30 11:46:00+00,Had NOT Been Drinking,1,,,Making Left Turn,,Speeding,Fixed Object,Auto,1310757.756,214172.6804,42,
-122.1711886,47.5647658,102,E171665,E171665,FACTORIA BLVD SE,2012/03/17 00:00:00+00,2012,Mar,1899/12/30 20:19:00+00,HBD - Ability Impaired,1,,,Making Left Turn,,Under the Influence,Fixed Object,Auto,1310143.614,208878.3589,60,
-122.1694563,47.56822826,103,E588270,E588270,FACTORIA BLVD SE,2016/09/21 00:00:00+00,2016,Sep,1899/12/30 14:25:00+00,Had NOT Been Drinking,,1,,Going Straight Ahead,,None,Pedestrian,Pedestrian,1310593.13,210133.7255,178,
-122.1543959,47.54770677,104,E891120,E891120,FOREST DR SE,2018/09/08 00:00:00+00,2018,Sep,1899/12/30 01:31:00+00,HBD - Sobriety Unknown,1,,,Going Straight Ahead,,Speeding,Fixed Object,Auto,1314181.996,202585.1248,38,
-122.1479993,47.54639339,105,3251516,3251516,FOREST DR SE,2017/09/09 00:00:00+00,2017,Sep,1899/12/30 20:45:00+00,HBD - Ability Impaired,1,,,Going Straight Ahead,,Under the Influence,Fixed Object,Auto,1315753.304,202079.0691,46,
-122.1473613,47.54581069,106,E460481,E460481,FOREST DR SE,2015/09/10 00:00:00+00,2015,Sep,1899/12/30 02:19:00+00,HBD - Ability Impaired,1,,,Going Wrong Way on Divided Hwy,,Under the Influence,Fixed Object,Auto,1315907.236,201863.8579,59,
-122.1658297,47.55713316,107,E360745,E360745,FOREST DR SE,2014/09/10 00:00:00+00,2014,Sep,1899/12/30 15:24:00+00,Had NOT Been Drinking,,1,,Making Right Turn,,Failed to Yield/Did Not Grant R/W to Pedestrian,Pedestrian,Pedestrian,1311418.22,206071.7061,164,
-122.1658297,47.55713319,108,E686186,E686186,FOREST DR SE,2017/05/24 00:00:00+00,2017,May,1899/12/30 12:35:00+00,Had NOT Been Drinking,1,,,Making Left Turn,Going Straight Ahead,Defective Equipment,Entering at Angle,Auto,1311418.209,206071.7163,5,
-122.1564178,47.54901467,109,E301891,E301891,FOREST DR SE,2014/01/15 00:00:00+00,2014,Jan,1899/12/30 17:12:00+00,Had NOT Been Drinking,,1,,Going Straight Ahead,,Failed to Yield/Did Not Grant R/W to Pedestrian,Pedestrian,Pedestrian,1313690.936,203070.7065,146,
-122.1553856,47.55472081,110,E597797,E597797,HIGHLAND DR,2016/08/08 00:00:00+00,2016,Aug,1899/12/30 22:05:00+00,Unknown,1,,,Going Straight Ahead,,Driver Distraction/Inattention,Fixed Object,Auto,1313981.561,205147.4199,25,
-122.1373458,47.6023759,111,E284271,E284271,LAKE HILLS BLVD,2013/11/09 00:00:00+00,2013,Nov,1899/12/30 18:15:00+00,Had NOT Been Drinking,,1,,Going Straight Ahead,,Other,Pedestrian,Pedestrian,1318730.033,222451.8325,188,
-122.1340869,47.60318434,112,E644790,E644790,LAKE HILLS BLVD,2017/02/12 00:00:00+00,2017,Feb,1899/12/30 20:23:00+00,Unknown,2,,,Overtaking and Passing,,Other,Fixed Object,Auto,1319538.883,222733.0743,29,
-122.1311555,47.60330347,113,E307326,E307326,LAKE HILLS BLVD,2014/02/12 00:00:00+00,2014,Feb,1899/12/30 15:26:00+00,Had NOT Been Drinking,1,1,,Making Right Turn,,None,Entering at Angle,Pedestrian,1320262.694,222764.3135,16,
-122.1425564,47.5986418,114,3665139,3665139,LAKE HILLS BLVD,2013/06/03 00:00:00+00,2013,Jun,1899/12/30 14:29:00+00,Unknown,1,,,Making Right Turn,,Defective Equipment,Fixed Object,Auto,1317421.56,221111.7833,23,
-122.1354304,47.60298531,115,E388056,E388056,LAKE HILLS BLVD,2014/12/15 00:00:00+00,2014,Dec,1899/12/30 00:31:00+00,HBD - Ability Impaired,1,,,Going Straight Ahead,Making Left Turn,Under the Influence,Entering at Angle,Auto,1319206.257,222666.0912,22,
-122.1578226,47.6025446,116,E826188,E826188,LAKE HILLS CONNECTOR,2018/08/02 00:00:00+00,2018,Aug,1899/12/30 11:06:00+00,Had NOT Been Drinking,1,,,Going Straight Ahead,,Speeding,Fixed Object,Auto,1313680.1,222599.6271,35,
-122.1749515,47.60194508,117,E550919,E550919,LAKE HILLS CONNECTOR,2016/06/03 00:00:00+00,2016,Jun,1899/12/30 17:53:00+00,Had NOT Been Drinking,1,,,Going Straight Ahead,,Speeding,Fixed Object,Auto,1309451.174,222454.1697,34,
-122.1768686,47.6038708,118,E142686,E142686,LAKE HILLS CONNECTOR,2011/11/23 00:00:00+00,2011,Nov,1899/12/30 18:52:00+00,Had NOT Been Drinking,1,,,Making Left Turn,Going Straight Ahead,Failed to Yield/Did Not Grant R/W to Vehicle,Turning,Auto,1308990.551,223164.7493,83,
-122.1769505,47.60382547,119,E389196,E389196,LAKE HILLS CONNECTOR,2014/12/31 00:00:00+00,2014,Dec,1899/12/30 22:03:00+00,Had NOT Been Drinking,1,,,Making Left Turn,Going Straight Ahead,Improper Turn,Turning,Auto,1308970.044,223148.5725,90,
-122.2016802,47.64389939,120,E339957,E339957,LAKE WASHINGTON BLVD,2014/07/01 00:00:00+00,2014,Jul,1899/12/30 09:01:00+00,Had NOT Been Drinking,1,,,Going Straight Ahead,Making Left Turn,"Asleep, Fatigued, Ill",Entering at Angle,Auto,1303130.139,237871.3256,4,
,,121,E092708,E092708,LAKE WASH BLVD SE,2011/02/09 00:00:00+00,2011,Feb,1899/12/30 22:49:00+00,HBD - Ability Impaired,1,,,Going Straight Ahead,,Under the Influence,Fixed Object,Auto,,,49,
-122.1157733,47.55838582,122,E682609,E682609,LAKEMONT BLVD SE,2017/05/27 00:00:00+00,2017,May,1899/12/30 10:57:00+00,Had NOT Been Drinking,,,1,Making Right Turn,,Improper Turn,Bicyclist,Bicycle,1323783.92,206318.5872,126,1
-122.1006885,47.5588923,123,3636938,3636938,LAKEMONT BLVD SE,2015/07/05 00:00:00+00,2015,Jul,1899/12/30 10:09:00+00,Had NOT Been Drinking,,,1,Overtaking and Passing,,Failed to Yield/Did Not Grant R/W to Vehicle,Bicyclist,Bicycle,1327511.077,206441.6079,121,1
-122.1052683,47.55724224,124,E110193,E110193,LAKEMONT BLVD SE,2011/06/05 00:00:00+00,2011,Jun,1899/12/30 00:37:00+00,Had NOT Been Drinking,1,,,Going Straight Ahead,Going Straight Ahead,"Asleep, Fatigued, Ill",Sideswipe,Auto,1326370.488,205858.4621,74,
-122.1458176,47.58448283,125,3603862,3603862,LANDERHOLM CIR,2012/10/04 00:00:00+00,2012,Oct,1899/12/30 08:32:00+00,Had NOT Been Drinking,1,,,Going Straight Ahead,Going Straight Ahead,None,Entering at Angle,Auto,1316529.001,215961.5426,13,
-122.1484697,47.60993423,126,E597185,E597185,MAIN ST,2016/10/04 00:00:00+00,2016,Oct,1899/12/30 15:44:00+00,Had NOT Been Drinking,,1,,Going Straight Ahead,,Failed to Yield/Did Not Grant R/W to Pedestrian,Pedestrian,Pedestrian,1316033.216,225255.1444,148,
-122.2041543,47.61017917,127,E312031,E312031,MAIN ST,2014/03/04 00:00:00+00,2014,Mar,1899/12/30 09:55:00+00,Had NOT Been Drinking,,1,,Making Left Turn,,Failed to Yield/Did Not Grant R/W to Pedestrian,Pedestrian,Pedestrian,1302301.254,225584.1638,155,
-122.1999667,47.61926727,128,E620354,E620354,NE 10TH ST,2016/12/14 00:00:00+00,2016,Dec,1899/12/30 17:07:00+00,Had NOT Been Drinking,,1,,Making Right Turn,,Driver Distraction/Inattention,Pedestrian,Pedestrian,1303392.904,228880.2917,143,
-122.2000113,47.61926621,129,E853041,E853041,NE 10TH ST,2018/10/09 00:00:00+00,2018,Oct,1899/12/30 05:52:00+00,HBD - Sobriety Unknown,,1,,Making Right Turn,,Failed to Yield/Did Not Grant R/W to Pedestrian,Pedestrian,Pedestrian,1303381.895,228880.1001,168,
-122.2043703,47.61925362,130,E256936,E256936,NE 10TH ST,2013/07/14 00:00:00+00,2013,Jul,1899/12/30 10:18:00+00,Had NOT Been Drinking,,1,,Making Left Turn,,Driver Distraction/Inattention,Pedestrian,Pedestrian,1302306.968,228894.6312,140,
-122.2043703,47.61925362,131,E283350,E283350,NE 10TH ST,2013/10/04 00:00:00+00,2013,Oct,1899/12/30 18:02:00+00,Had NOT Been Drinking,1,,,Making Left Turn,Going Straight Ahead,Under the Influence,Turning,Auto,1302306.968,228894.6312,99,
-122.1910599,47.6193663,132,3155468,3155468,112 AVE NE,2011/01/03 00:00:00+00,2011,Jan,1899/12/30 07:19:00+00,Unknown,,1,,Making Left Turn,,Failed to Yield/Did Not Grant R/W to Pedestrian,Pedestrian,Pedestrian,1305589.844,228877.5306,151,
-122.1910543,47.61937348,133,E128781,E128781,NE 10TH ST,2011/09/09 00:00:00+00,2011,Sep,1899/12/30 18:50:00+00,HBD - Ability Impaired,1,,,Going Straight Ahead,Going Straight Ahead,Under the Influence,Entering at Angle,Auto,1305591.264,228880.1257,21,
-122.1963241,47.62120721,134,E653288,E653288,NE 12TH ST,2017/03/19 00:00:00+00,2017,Mar,1899/12/30 13:53:00+00,Had NOT Been Drinking,1,,,Making Left Turn,Going Straight Ahead,Improper Turn,Turning,Auto,1304303.646,229571.8746,93,
-122.2083917,47.62294483,135,E820316,E820316,NE 14TH ST,2018/03/25 00:00:00+00,2018,Mar,1899/12/30 18:33:00+00,Had NOT Been Drinking,,1,,Other*,,Other,Pedestrian,Pedestrian,1301339.395,230258.537,196,
-122.2032626,47.61136245,136,E568724,E568724,NE 1ST ST,2016/07/28 00:00:00+00,2016,Jul,1899/12/30 20:14:00+00,HBD - Ability Impaired,1,,,Going Straight Ahead,,Under the Influence,Fixed Object,Auto,1302528.853,226011.7997,55,
-122.1356674,47.6278971,137,E180081,E180081,NE 20TH ST,2012/06/20 00:00:00+00,2012,Jun,1899/12/30 07:21:00+00,HBD - Ability Impaired,,1,,Going Straight Ahead,,Under the Influence,Pedestrian,Pedestrian,1319301.558,231752.7351,199,
-122.1587381,47.62799492,138,E353308,E353308,NE 20TH ST,2014/08/22 00:00:00+00,2014,Aug,1899/12/30 17:34:00+00,Had NOT Been Drinking,1,,,Making Left Turn,Going Straight Ahead,Disregard Sign or Signal,Turning,Auto,1313614.152,231885.5291,79,
-122.1796866,47.6326038,139,E510728,E510728,NE 24TH ST,2016/01/14 00:00:00+00,2016,Jan,1899/12/30 07:11:00+00,Had NOT Been Drinking,,,1,Making Left Turn,,Failed to Yield/Did Not Grant R/W to Vehicle,Bicyclist,Bicycle,1308478.81,233656.0951,117,1
-122.1323578,47.63154217,140,E258385,E258385,NE 24TH ST,2013/07/08 00:00:00+00,2013,Jul,1899/12/30 11:39:00+00,Had NOT Been Drinking,1,,,Changing Lanes,Going Straight Ahead,Failed to Yield/Did Not Grant R/W to Vehicle,Sideswipe,Auto,1320139.998,233068.348,76,
-122.1341102,47.6315348,141,E296943,E296943,NE 24TH ST,2013/12/10 00:00:00+00,2013,Dec,1899/12/30 19:58:00+00,Had NOT Been Drinking,,1,,Going Straight Ahead,,None,Pedestrian,Pedestrian,1319707.913,233072.9588,175,
-122.2016504,47.63196271,142,E987024,E987024,NE 24TH ST,2019/11/20 00:00:00+00,2019,Nov,1899/12/30 06:33:00+00,Had NOT Been Drinking,,1,,Making Left Turn,,Other,Pedestrian,Pedestrian,1303060.071,233517.7936,192,
-122.1758066,47.63173733,143,E578465,E578465,NE 24TH ST,2016/08/25 00:00:00+00,2016,Aug,1899/12/30 09:23:00+00,Had NOT Been Drinking,,,1,Going Straight Ahead,,None,Bicyclist,Bicycle,1309429.803,233323.3724,129,1
-122.1465796,47.63317752,144,E942933,E942933,NE 29TH PL,2019/07/17 00:00:00+00,2019,Jul,1899/12/30 17:45:00+00,Had NOT Been Drinking,,,1,Making Left Turn,,Improper Turn,Bicyclist,Bicycle,1316644.046,233724.2932,124,1
-122.2016263,47.61203438,145,E602883,E602883,NE 2ND ST,2016/10/05 00:00:00+00,2016,Oct,1899/12/30 17:04:00+00,Had NOT Been Drinking,,1,,Making Left Turn,,Failed to Yield/Did Not Grant R/W to Pedestrian,Pedestrian,Pedestrian,1302936.774,226249.6762,156,
-122.1431976,47.65236482,146,E246029,E246029,NE 46TH ST,2013/04/30 00:00:00+00,2013,Apr,1899/12/30 08:45:00+00,Had NOT Been Drinking,,1,,Making Right Turn,,Failed to Yield/Did Not Grant R/W to Pedestrian,Pedestrian,Pedestrian,1317596.921,240707.9337,163,
-122.1433635,47.6523638,147,E476648,E476648,NE 46TH ST,2015/10/28 00:00:00+00,2015,Oct,1899/12/30 10:00:00+00,Had NOT Been Drinking,,,1,Making Right Turn,,Disregard Sign or Signal,Bicyclist,Bicycle,1317556.024,240708.2576,105,1
-122.2047121,47.61388932,148,E696416,E696416,NE 4TH ST,2017/07/28 00:00:00+00,2017,Jul,1899/12/30 15:37:00+00,Had NOT Been Drinking,1,,,Stopped at Signal or Stop Sign,,Other,All Other,Auto,1302187.813,226939.7349,197,
-122.1936098,47.61372731,149,E278265,E278265,NE 4TH ST,2013/10/05 00:00:00+00,2013,Oct,1899/12/30 11:47:00+00,Had NOT Been Drinking,1,,,Going Straight Ahead,Making Left Turn,None,All Other,Auto,1304924.719,226832.0488,2,
-122.201679,47.61386619,150,E601446,E601446,NE 4TH ST,2016/10/24 00:00:00+00,2016,Oct,1899/12/30 17:03:00+00,Had NOT Been Drinking,,1,,Going Straight Ahead,,None,Pedestrian,Pedestrian,1302935.649,226917.9833,179,
-122.203413,47.61752748,151,E343046,E343046,NE 8TH ST,2014/07/18 00:00:00+00,2014,Jul,1899/12/30 18:56:00+00,Had NOT Been Drinking,1,,,Making Left Turn,Going Straight Ahead,Failed to Yield/Did Not Grant R/W to Vehicle,Turning,Auto,1302531.802,228260.8914,84,
-122.1797013,47.61731134,152,E932218,E932218,NE 8TH ST,2019/06/12 00:00:00+00,2019,Jun,1899/12/30 16:17:00+00,Had NOT Been Drinking,,1,,Making Left Turn,Going Straight Ahead,Other,Turning,Pedestrian,1308377.596,228078.8527,97,
-122.1765103,47.61733336,153,E932223,E932223,NE 8TH ST,2019/06/12 00:00:00+00,2019,Jun,1899/12/30 05:16:00+00,Had NOT Been Drinking,1,,,Making Left Turn,Going Straight Ahead,Improper Turn,Turning,Auto,1309164.627,228073.1345,94,
-122.1667154,47.61719712,154,3604384,3604384,NE 8TH ST,2013/05/20 00:00:00+00,2013,May,1899/12/30 01:26:00+00,HBD - Ability Impaired,1,,,Going Straight Ahead,,Under the Influence,Fixed Object,Auto,1311579.158,227981.4356,47,
-122.1347542,47.61707994,155,3636776,3636776,NE 8TH ST,2013/12/13 00:00:00+00,2013,Dec,1899/12/30 05:15:00+00,HBD - Ability Impaired,1,,,Going Straight Ahead,,Under the Influence,Fixed Object,Auto,1319459.987,227803.7643,48,
-122.1246442,47.61695856,156,E097676,E097676,NE 8TH ST,2011/03/25 00:00:00+00,2011,Mar,1899/12/30 20:22:00+00,Unknown,,1,,Going Straight Ahead,,Other,Pedestrian,Pedestrian,1321952.362,227717.4935,187,
-122.2003064,47.61730998,157,E434221,E434221,NE 8TH ST,2015/06/13 00:00:00+00,2015,Jun,1899/12/30 15:38:00+00,Had NOT Been Drinking,,1,,Making Right Turn,,Failed to Yield/Did Not Grant R/W to Pedestrian,Pedestrian,Pedestrian,1303296.455,228167.9404,166,
-122.1963331,47.61745488,158,E990986,E990986,NE 8TH ST,2019/12/07 00:00:00+00,2019,Dec,1899/12/30 19:13:00+00,Had NOT Been Drinking,,1,,Going Straight Ahead,,None,Pedestrian,Pedestrian,1304277.192,228203.4089,184,
-122.1749605,47.6173448,159,E698947,E698947,NE 8TH ST,2017/07/23 00:00:00+00,2017,Jul,1899/12/30 18:52:00+00,Had NOT Been Drinking,1,,,Changing Lanes,Going Straight Ahead,Disregard Sign or Signal,Entering at Angle,Auto,1309546.862,228070.6378,6,
-122.1616738,47.61724081,160,E952454,E952454,NE 8TH ST,2019/08/14 00:00:00+00,2019,Aug,1899/12/30 07:51:00+00,Had NOT Been Drinking,,,1,Making Left Turn,,Other,Bicyclist,Bicycle,1312822.658,227975.868,134,1
-122.1432435,47.61704981,161,E532243,E532243,NE 8TH ST,2016/03/27 00:00:00+00,2016,Mar,1899/12/30 20:36:00+00,HBD - Ability Impaired,1,,,Going Straight Ahead,Stopped at Signal or Stop Sign,Under the Influence,Rear End,Auto,1317366.341,227828.2984,73,
-122.1322784,47.53607345,162,3492057,3492057,NEWCASTLE GOLF CLUB,2014/02/09 00:00:00+00,2014,Feb,1899/12/30 12:01:00+00,Had NOT Been Drinking,1,,,Going Straight Ahead,Going Straight Ahead,Speeding,Head On,Auto,1319571.799,198249.3267,63,
-122.130889,47.53509242,163,3171014,3171014,NEWCASTLE GOLF CLUB,2012/08/10 00:00:00+00,2012,Aug,1899/12/30 09:25:00+00,Had NOT Been Drinking (tox test),1,,,Going Straight Ahead,,Speeding,Fixed Object,Auto,1319908.929,197885.7418,31,
-122.172135,47.62877164,164,E532234,E532234,NORTHUP WAY,2016/04/02 00:00:00+00,2016,Apr,1899/12/30 14:43:00+00,Had NOT Been Drinking,1,,,Overtaking and Passing,,Speeding,Fixed Object,Auto,1310316.14,232225.9878,43,
-122.1936729,47.64034381,165,E916969,E916969,NORTHUP WAY,2019/05/01 00:00:00+00,2019,May,1899/12/30 14:31:00+00,Had NOT Been Drinking,,,1,Unknown,,Unknown,Bicyclist,Bicycle,1305080.755,236539.5831,137,1
-122.1710293,47.62849162,166,E434040,E434040,NORTHUP WAY,2015/06/05 00:00:00+00,2015,Jun,1899/12/30 22:56:00+00,Had NOT Been Drinking,,,1,Making Left Turn,,None,Bicyclist,Bicycle,1310586.961,232119.1179,131,1
-122.1265654,47.62601967,167,E506053,E506053,NORTHUP WAY,2016/01/14 00:00:00+00,2016,Jan,1899/12/30 17:06:00+00,Had NOT Been Drinking,,1,,Going Straight Ahead,,Other,Pedestrian,Pedestrian,1321534.134,231030.1624,189,
-122.1087766,47.6181158,168,E161840,E161840,NORTHUP WAY,2012/03/15 00:00:00+00,2012,Mar,1899/12/30 18:37:00+00,Had NOT Been Drinking (tox test),,1,,Merging (Entering Traffic),,None,Pedestrian,Pedestrian,1325872.346,228074.2973,186,
-122.1235639,47.59736635,169,E119252,E119252,PHANTOM WAY,2011/07/04 00:00:00+00,2011,Jul,1899/12/30 18:41:00+00,HBD - Ability Impaired,1,,,Going Straight Ahead,,Under the Influence,Fixed Object,Auto,1322098.958,220567.4724,51,
-122.1678313,47.58194158,170,E528344,E528344,RICHARDS RD,2016/03/25 00:00:00+00,2016,Mar,1899/12/30 19:29:00+00,Had NOT Been Drinking,1,,,Making Left Turn,Going Straight Ahead,Disregard Sign or Signal,Entering at Angle,Auto,1311080.977,215128.1502,9,
-122.1594445,47.58731279,171,E210620,E210620,SE 26TH ST,2012/12/03 00:00:00+00,2012,Dec,1899/12/30 18:18:00+00,Had NOT Been Drinking,,1,,Going Straight Ahead,,None,Pedestrian,Pedestrian,1313184.302,217051.3108,174,
-122.1114415,47.58623278,172,E958916,E958916,W LAKE SAMM PKWY SE,2019/09/06 00:00:00+00,2019,Sep,1899/12/30 05:16:00+00,Unknown,1,,,Going Straight Ahead,,Disregard Sign or Signal,Fixed Object,Auto,1325022.053,216456.9898,24,
-122.1602064,47.57946712,173,E474502,E474502,SE 36TH ST,2015/10/14 00:00:00+00,2015,Oct,1899/12/30 18:20:00+00,Had NOT Been Drinking,1,,,Going Straight Ahead,Going Straight Ahead,Other,Rear End,Auto,1312946.959,214193.1492,72,
-122.1557486,47.57925193,174,E183762,E183762,SE 36TH ST,2012/07/26 00:00:00+00,2012,Jul,1899/12/30 20:05:00+00,Had NOT Been Drinking,1,,,Going Straight Ahead,,Over Center Line,Fixed Object,Auto,1314045.701,214095.7294,30,
-122.1402132,47.57589772,175,E389192,E389192,SE 38TH ST,2014/12/01 00:00:00+00,2014,Dec,1899/12/30 06:05:00+00,Had NOT Been Drinking,,1,,Making Right Turn,,Failed to Yield/Did Not Grant R/W to Pedestrian,Pedestrian,Pedestrian,1317858.73,212806.9108,165,
-122.1694751,47.5719459,176,E671334,E671334,SE 41ST PL,2017/05/08 00:00:00+00,2017,May,1899/12/30 15:00:00+00,Had NOT Been Drinking,,1,,Making Right Turn,,Failed to Yield/Did Not Grant R/W to Pedestrian,Pedestrian,Pedestrian,1310612.041,211489.6654,167,
-122.1145131,47.57290611,177,E262173,E262173,SE 41ST ST,2013/08/09 00:00:00+00,2013,Aug,1899/12/30 09:46:00+00,Had NOT Been Drinking,,,1,Backing,,Improper Backing,Bicyclist,Bicycle,1324183.219,211609.1645,122,1
-122.1554826,47.57131982,178,E948103,E948103,SE 42ND ST,2019/08/04 00:00:00+00,2019,Aug,1899/12/30 18:08:00+00,Had NOT Been Drinking,1,1,,Backing,,Driver Distraction/Inattention,All Other,Pedestrian,1314061.64,211201.6735,1,
-122.1352685,47.57133682,179,E213225,E213225,SE 42ND ST,2012/12/08 00:00:00+00,2012,Dec,1899/12/30 14:14:00+00,Had NOT Been Drinking,,,1,Going Straight Ahead,,Disregard Sign or Signal,Bicyclist,Bicycle,1319050.889,211122.8043,104,1
-122.1527553,47.56771744,180,E381964,E381964,SE 44TH PL,2014/12/05 00:00:00+00,2014,Dec,1899/12/30 22:11:00+00,Had NOT Been Drinking,1,,,Going Straight Ahead,"Legally Parked, Unoccupied",Speeding,Parking Related,Auto,1314712.254,209876.291,67,
-122.1825766,47.55666482,181,3445060,3445060,SE 52ND ST,2011/08/16 00:00:00+00,2011,Aug,1899/12/30 17:02:00+00,Had NOT Been Drinking,,1,,Going Straight Ahead,,None,Pedestrian,Pedestrian,1307280.73,205972.9412,173,
-122.1790286,47.54982373,182,E481586,E481586,SE 60TH ST,2015/11/11 00:00:00+00,2015,Nov,1899/12/30 23:38:00+00,HBD - Ability Impaired,1,,,Other*,,Under the Influence,Fixed Object,Auto,1308113.04,203462.5948,62,
-122.1741708,47.54975449,183,E538016,E538016,SE 60TH ST,2016/04/14 00:00:00+00,2016,Apr,1899/12/30 18:04:00+00,Had NOT Been Drinking,,,1,Going Straight Ahead,,"Asleep, Fatigued, Ill",Bicyclist,Bicycle,1309312.065,203416.4053,101,1
-122.1878725,47.60160579,184,E248182,E248182,SE 8TH ST,2013/05/24 00:00:00+00,2013,May,1899/12/30 09:48:00+00,Had NOT Been Drinking,,,1,Making Right Turn,,Defective Equipment,Bicyclist,Bicycle,1306261.776,222386.266,103,1
-122.1470923,47.6026095,185,E964781,E964781,SE 8TH ST,2019/09/22 00:00:00+00,2019,Sep,1899/12/30 17:46:00+00,Had NOT Been Drinking,,,1,Going Straight Ahead,,None,Bicyclist,Bicycle,1316327.312,222577.9224,130,1
-122.1269441,47.54302469,186,E118223,E118223,SE COUGAR MOUNTAIN W,2011/06/27 00:00:00+00,2011,Jun,1899/12/30 01:44:00+00,HBD - Ability Impaired,1,,,Going Straight Ahead,,Under the Influence,Fixed Object,Auto,1320931.906,200762.3424,50,
-122.1212075,47.57235833,187,E994306,E994306,SE NEWPORT WAY,2019/10/24 00:00:00+00,2019,Oct,1899/12/30 09:30:00+00,Had NOT Been Drinking,,,1,Unknown,,Unknown,Bicyclist,Bicycle,1322527.622,211436.9624,138,1
-122.1596093,47.5698315,188,E871659,E871659,SOMERSET BLVD SE,2018/12/05 00:00:00+00,2018,Dec,1899/12/30 16:40:00+00,Had NOT Been Drinking,,1,,Making Left Turn,,Other,Pedestrian,Pedestrian,1313033.76,210676.396,191,
-122.1123986,47.60404256,189,E889829,E889829,W LAKE SAMMAMISH PKW,2019/02/03 00:00:00+00,2019,Feb,1899/12/30 10:00:00+00,Had NOT Been Drinking,1,,,Going Straight Ahead,,Speeding,Fixed Object,Auto,1324893.853,222956.4026,37,
-122.111914,47.59036573,190,E115577,E115577,W LAKE SAMMAMISH PKW,2011/07/10 00:00:00+00,2011,Jul,1899/12/30 12:04:00+00,Had NOT Been Drinking,1,,,Going Straight Ahead,Going Straight Ahead,"Asleep, Fatigued, Ill",Sideswipe,Auto,1324930.501,217966.2745,75,
-122.168933,47.57960982,191,E763932,E763932,090LX01017,2018/01/29 00:00:00+00,2018,Jan,1899/12/30 11:05:00+00,Had NOT Been Drinking,,1,,Making Left Turn,,Failed to Yield/Did Not Grant R/W to Pedestrian,Pedestrian,Pedestrian,1310794.366,214282.4518,157,
-122.0994226,47.56683697,192,E717793,E717793,090LX01369,2017/09/28 00:00:00+00,2017,Sep,1899/12/30 10:39:00+00,Had NOT Been Drinking,1,,,Going Straight Ahead,Making Left Turn,Disregard Sign or Signal,Turning,Auto,1327871.268,209334.0096,78,
-122.1891689,47.61360551,193,E695330,E695330,NE 4TH ST,2017/07/16 00:00:00+00,2017,Jul,1899/12/30 02:30:00+00,HBD - Sobriety Unknown,2,,,Going Straight Ahead,Going Straight Ahead,Driver Distraction/Inattention,Entering at Angle,Auto,1306019.105,226768.2995,10,
-122.1886801,47.61543346,194,2953954,2953954,NE 6 ST,2011/02/25 00:00:00+00,2011,Feb,1899/12/30 23:25:00+00,HBD - Ability Impaired,1,,,Making Right Turn,,Under the Influence,Fixed Object,Auto,1306151.41,227432.8451,61,
-122.1886801,47.61543346,195,E165055,E165055,NE 6TH ST HOV RAMPS,2012/04/14 00:00:00+00,2012,Apr,1899/12/30 00:18:00+00,HBD - Ability Impaired,3,,,Going Straight Ahead,,Under the Influence,Fixed Object,Auto,1306151.41,227432.8451,52,
-122.1877431,47.61733187,196,E125508,E125508,NE 8 ST,2011/09/13 00:00:00+00,2011,Sep,1899/12/30 08:33:00+00,Had NOT Been Drinking,1,,,Going Straight Ahead,Making Right Turn,None,Entering at Angle,Auto,1306394.661,228121.1433,14,
-122.1430471,47.6366538,197,E328062,E328062,520LX00918,2014/02/27 00:00:00+00,2014,Feb,1899/12/30 02:10:00+00,HBD - Ability Impaired,1,,,Going Straight Ahead,Making Left Turn,Under the Influence,Turning,Auto,1317536.473,234977.2917,98,
-122.1430475,47.63670627,198,E390816,E390816,520LX00918,2015/01/06 00:00:00+00,2015,Jan,1899/12/30 17:19:00+00,Had NOT Been Drinking,1,,,Stopped at Signal or Stop Sign,Starting in Traffic Lane,None,Rear End,Auto,1317536.71,234996.4307,71,
-122.1430602,47.63584092,199,E874489,E874489,520LX00918,2018/11/10 00:00:00+00,2018,Nov,1899/12/30 20:47:00+00,Had NOT Been Drinking,,1,,Going Straight Ahead,,None,Pedestrian,Pedestrian,1317528.204,234680.8795,183,
-122.1643859,47.62210167,200,EA95826,EA95826,132ND AVE NE,2021/01/05 00:00:00+00,2021,Jan,1899/12/30 11:42:00+00,Unknown,,1,,Making Left Turn,,Did Not Grant R/W to Non Motorist,Pedestrian,Pedestrian,1312184.545,229760.2348,200,
-122.1655738,47.59441768,201,EA97658,EA97658,RICHARDS RD,2021/01/11 00:00:00+00,2021,Jan,1899/12/30 16:14:00+00,Unknown,1,,,Making Left Turn,Going Straight Ahead,Did Not Grant RW to Vehicle,Entering at Angle,Auto,1311716.814,219668.6609,201,
-122.1643228,47.54361267,202,EB01831,EB01831,COAL CREEK PKWY SE,2021/01/28 00:00:00+00,2021,Jan,1899/12/30 11:12:00+00,Unknown,1,,,Going Straight Ahead,Going Straight Ahead,Disregard Traffic Sign and Signals,Entering at Angle,Auto,1311704.95,201134.2051,202,
-122.1427138,47.59858468,203,EB08825,EB08825,148TH AVE SE,2021/02/18 00:00:00+00,2021,Feb,1899/12/30 23:12:00+00,Unknown,1,,,Going Straight Ahead,,Under Influence of Alcohol,Fixed Object,Auto,1317382.37,221091.6137,203,
-122.1666054,47.5541716,204,EB15222,EB15222,COAL CREEK PKWY SE,2021/03/20 00:00:00+00,2021,Mar,1899/12/30 10:32:00+00,Unknown,2,,,Making Left Turn,Going Straight Ahead,Under Influence of Drugs,Turning,Auto,1311208.009,204994.9103,204,
-122.1290041,47.61701057,205,EB25705,EB25705,NE 8TH ST,2021/03/20 00:00:00+00,2021,Mar,1899/12/30 14:35:00+00,Unknown,,,1,Making Left Turn,,Did Not Grant R/W to Non Motorist,Bicyclist,Bicycle,1320877.537,227754.5358,205,1
-122.1936539,47.62103968,206,EB25770,EB25770,NE 12TH ST,2021/04/23 00:00:00+00,2021,Apr,1899/12/30 14:17:00+00,Unknown,,,1,Going Straight Ahead,,Exceeding Stated Speed Limit,Bicyclist,Bicycle,1304960.992,229499.1245,206,1
-122.1963062,47.64033185,207,EB37480,EB37480,520LX00627,2021/06/02 00:00:00+00,2021,Jun,1899/12/30 19:09:00+00,Unknown,,,1,Making Right Turn,,Disregard Traffic Sign and Signals,Bicyclist,Bicycle,1304431.603,236546.7065,207,1
-122.1856484,47.6343867,208,EB44374,EB44374,116TH AVE NE,2021/06/18 00:00:00+00,2021,Jun,1899/12/30 21:48:00+00,Unknown,1,,,Going Straight Ahead,,Operating Recklessly or Aggressively,Fixed Object,Auto,1307020.514,234332.1063,208,
-122.140079,47.57696285,209,EB54449,EB54449,090LX01154,2021/07/24 00:00:00+00,2021,Jul,1899/12/30 18:27:00+00,Unknown,1,,,Changing Lanes,Going Straight Ahead,Improper Turn/Merge,Sideswipe,Auto,1317898.428,213194.8129,209,
-122.1341099,47.63153368,210,EB57049,EB57049,NE 24TH ST,2021/08/09 00:00:00+00,2021,Aug,1899/12/30 10:16:00+00,Unknown,1,,,Going Straight Ahead,Making Left Turn,Other Contributing Circ Not Listed,Turning,Auto,1319707.994,233072.5471,210,
-122.1708782,47.56420113,211,EB70360,EB70360,SE COAL CREEK PKWY,2021/09/17 00:00:00+00,2021,Sep,1899/12/30 06:57:00+00,Unknown,1,,,Going Straight Ahead,Going Straight Ahead,None,All Other,Auto,1310216.638,208671.0884,211,
-122.1767699,47.61733169,212,EB70361,EB70361,NE 8TH ST,2021/09/19 00:00:00+00,2021,Sep,1899/12/30 00:19:00+00,Unknown,1,,,Making Left Turn,Going Straight Ahead,Improper Turn/Merge,Entering at Angle,Auto,1309100.601,228073.6395,212,
-122.1727777,47.56575325,213,EB70397,EB70397,SE COAL CREEK PKWY,2021/09/15 00:00:00+00,2021,Sep,1899/12/30 06:54:00+00,Unknown,2,,,Negotiating a Curve,Negotiating a Curve,Overcorrecting / Oversteering,All Other,Auto,1309757.604,209245.3152,213,
-122.1687601,47.57960292,214,EB75843,EB75843,090LX01017,2021/09/24 00:00:00+00,2021,Sep,1899/12/30 14:03:00+00,Unknown,,1,,Making Left Turn,,Did Not Grant R/W to Non Motorist,Pedestrian,Pedestrian,1310836.975,214279.192,214,
-122.1910619,47.61936569,215,EB78144,EB78144,112TH AVE NE,2021/10/14 00:00:00+00,2021,Oct,1899/12/30 13:22:00+00,Unknown,1,,,Going Straight Ahead,Going Straight Ahead,Disregard Traffic Sign and Signals,Entering at Angle,Auto,1305589.345,228877.3166,215,
-122.15895,47.62326819,216,EB82379,EB82379,BEL RED RD,2021/10/26 00:00:00+00,2021,Oct,1899/12/30 18:25:00+00,Unknown,,1,,Going Straight Ahead,,None,Pedestrian,Pedestrian,1313532.229,230162.5368,216,
-122.1431548,47.63145268,217,EB87499,EB87499,NE 24TH ST,2021/10/28 00:00:00+00,2021,Oct,1899/12/30 21:05:00+00,Unknown,1,,,Making Left Turn,Going Straight Ahead,Did Not Grant RW to Vehicle,Turning,Auto,1317477.628,233080.8309,217,
-122.1307079,47.60212169,218,EB95851,EB95851,156TH AVE SE,2021/11/26 00:00:00+00,2021,Nov,1899/12/30 17:00:00+00,Unknown,,1,,Making Left Turn,,Improper Turn/Merge,Pedestrian,Pedestrian,1320365.837,222331.4413,218,
-122.1427357,47.5907652,219,EB95862,EB95862,148TH AVE SE,2021/11/25 00:00:00+00,2021,Nov,1899/12/30 21:05:00+00,Unknown,,1,,Going Straight Ahead,,None,Pedestrian,Pedestrian,1317328.446,218239.8445,219,
-122.0991178,47.5630527,220,EB98731,EB98731,LAKEMONT BLVD SE,2021/12/08 00:00:00+00,2021,Dec,1899/12/30 18:38:00+00,Unknown,2,,,Going Straight Ahead,,Operating Defective Equipment,Fixed Object,Auto,1327923.81,207952.5891,220,
-122.1323189,47.62779868,221,EC00462,EC00462,156TH AVE NE,2021/12/10 00:00:00+00,2021,Dec,1899/12/30 12:39:00+00,Unknown,,1,,Making Left Turn,,Did Not Grant R/W to Non Motorist,Pedestrian,Pedestrian,1320126.539,231702.8851,221,
-122.1431549,47.63001269,222,EC06194,EC06194,148TH AVE NE,2021/12/21 00:00:00+00,2021,Dec,1899/12/30 17:54:00+00,Unknown,1,,,Going Straight Ahead,Making Left Turn,Under Influence of Alcohol,Entering at Angle,Auto,1317468.681,232555.6472,222,